#
# There is insufficient memory for the Java Runtime Environment to continue.
# Native memory allocation (malloc) failed to allocate 1199296 bytes for Chunk::new
# Possible reasons:
#   The system is out of physical RAM or swap space
#   The process is running with CompressedOops enabled, and the Java Heap may be blocking the growth of the native heap
# Possible solutions:
#   Reduce memory load on the system
#   Increase physical memory or swap space
#   Check if swap backing store is full
#   Decrease Java heap size (-Xmx/-Xms)
#   Decrease number of Java threads
#   Decrease Java thread stack sizes (-Xss)
#   Set larger code cache with -XX:ReservedCodeCacheSize=
#   JVM is running with Unscaled Compressed Oops mode in which the Java heap is
#     placed in the first 4GB address space. The Java Heap base address is the
#     maximum limit for the native heap growth. Please use -XX:HeapBaseMinAddress
#     to set the Java Heap base and to place the Java Heap above 4GB virtual address.
# This output file may be truncated or incomplete.
#
#  Out of Memory Error (arena.cpp:191), pid=26424, tid=4324
#
# JRE version: OpenJDK Runtime Environment (17.0.9) (build 17.0.9+0--11185874)
# Java VM: OpenJDK 64-Bit Server VM (17.0.9+0--11185874, mixed mode, tiered, compressed oops, compressed class ptrs, g1 gc, windows-amd64)
# No core dump will be written. Minidumps are not enabled by default on client versions of Windows
#

---------------  S U M M A R Y ------------

Command Line: --add-opens=java.base/java.util=ALL-UNNAMED --add-opens=java.base/java.lang=ALL-UNNAMED --add-opens=java.base/java.lang.invoke=ALL-UNNAMED --add-opens=java.prefs/java.util.prefs=ALL-UNNAMED --add-exports=jdk.compiler/com.sun.tools.javac.api=ALL-UNNAMED --add-exports=jdk.compiler/com.sun.tools.javac.util=ALL-UNNAMED --add-opens=java.base/java.nio.charset=ALL-UNNAMED --add-opens=java.base/java.net=ALL-UNNAMED --add-opens=java.base/java.util.concurrent.atomic=ALL-UNNAMED -Xmx2048m -Dfile.encoding=UTF-8 -Duser.country=PH -Duser.language=en -Duser.variant -javaagent:C:\Users\hb200\.gradle\wrapper\dists\gradle-8.9-bin\90cnw93cvbtalezasaz0blq0a\gradle-8.9\lib\agents\gradle-instrumentation-agent-8.9.jar org.gradle.launcher.daemon.bootstrap.GradleDaemon 8.9

Host: 12th Gen Intel(R) Core(TM) i5-1235U, 12 cores, 15G,  Windows 11 , 64 bit Build 26100 (10.0.26100.8328)
Time: Sun May 24 19:59:07 2026 Malay Peninsula Standard Time elapsed time: 325.541123 seconds (0d 0h 5m 25s)

---------------  T H R E A D  ---------------

Current thread (0x00000219c25c4580):  JavaThread "C2 CompilerThread2" daemon [_thread_in_native, id=4324, stack(0x0000007489100000,0x0000007489200000)]


Current CompileTask:
C2: 325541 30625       4       java.io.ObjectOutputStream::writeClassDesc (60 bytes)

Stack: [0x0000007489100000,0x0000007489200000]
Native frames: (J=compiled Java code, j=interpreted, Vv=VM code, C=native code)
V  [jvm.dll+0x6886e9]
V  [jvm.dll+0x841e4a]
V  [jvm.dll+0x843a8e]
V  [jvm.dll+0x8440f3]
V  [jvm.dll+0x24c14f]
V  [jvm.dll+0xac44c]
V  [jvm.dll+0xaca9c]
V  [jvm.dll+0x2b376f]
V  [jvm.dll+0x590767]
V  [jvm.dll+0x226762]
V  [jvm.dll+0x226b4f]
V  [jvm.dll+0x21fc76]
V  [jvm.dll+0x21d0c1]
V  [jvm.dll+0x1a674d]
V  [jvm.dll+0x22d088]
V  [jvm.dll+0x22b1c0]
V  [jvm.dll+0x7f62f7]
V  [jvm.dll+0x7f06aa]
V  [jvm.dll+0x687565]
C  [ucrtbase.dll+0x37b0]
C  [KERNEL32.DLL+0x2e957]
C  [ntdll.dll+0x427c]


---------------  P R O C E S S  ---------------

Threads class SMR info:
_java_thread_list=0x00000219d1459740, length=118, elements={
0x00000219a224a6a0, 0x00000219bc65b5f0, 0x00000219bc696c30, 0x00000219bc6c1020,
0x00000219bc6c18f0, 0x00000219bc6c21c0, 0x00000219bc701b80, 0x00000219bc7032f0,
0x00000219bc70c230, 0x00000219bc718050, 0x00000219bc50ef20, 0x00000219bc95c2c0,
0x00000219c2dca030, 0x00000219c126ca90, 0x00000219c3118950, 0x00000219c1f99eb0,
0x00000219c1f9a3c0, 0x00000219c1f9a8d0, 0x00000219c3ff9c90, 0x00000219c3ffa1a0,
0x00000219c3ff6f00, 0x00000219c3ff9270, 0x00000219c3ffabc0, 0x00000219c3ff7410,
0x00000219c3ffb0d0, 0x00000219c3ff7920, 0x00000219c3ffb5e0, 0x00000219c3ff7e30,
0x00000219c3ffbaf0, 0x00000219c3ff8340, 0x00000219c3ffcf30, 0x00000219c3ffc000,
0x00000219c3ffd950, 0x00000219c7919c40, 0x00000219c8401e70, 0x00000219c8402890,
0x00000219c8402380, 0x00000219c8400520, 0x00000219c8400f40, 0x00000219c83ff0e0,
0x00000219c8401450, 0x00000219c8400010, 0x00000219c8401960, 0x00000219c6af3950,
0x00000219c8400a30, 0x00000219c8402da0, 0x00000219c83ff5f0, 0x00000219c8405b30,
0x00000219c84037c0, 0x00000219c8403cd0, 0x00000219c8404c00, 0x00000219c84097f0,
0x00000219c84092e0, 0x00000219c840a210, 0x00000219c840bb60, 0x00000219c8409d00,
0x00000219c840ac30, 0x00000219c840b650, 0x00000219c840a720, 0x00000219c8408dd0,
0x00000219c840b140, 0x00000219c840c070, 0x00000219c84088c0, 0x00000219c840e8f0,
0x00000219c840c580, 0x00000219c840ca90, 0x00000219c840cfa0, 0x00000219c840d4b0,
0x00000219c840ded0, 0x00000219c840e3e0, 0x00000219d8b6d380, 0x00000219d8b6d890,
0x00000219d8b6c450, 0x00000219d8b6c960, 0x00000219d8b6f1e0, 0x00000219d8b6e7c0,
0x00000219d8b6ecd0, 0x00000219d8b71550, 0x00000219d8b6fc00, 0x00000219d8b70110,
0x00000219d8b70620, 0x00000219d8b70b30, 0x00000219d8b6dda0, 0x00000219d8b71a60,
0x00000219d8b6e2b0, 0x00000219d8b71f70, 0x00000219d8b733b0, 0x00000219d8b72480,
0x00000219d8b72ea0, 0x00000219d8b72990, 0x00000219d8b738c0, 0x00000219c210a340,
0x00000219c210ad60, 0x00000219c210bc90, 0x00000219c210c6b0, 0x00000219c210b780,
0x00000219c2109e30, 0x00000219c210b270, 0x00000219c2108f00, 0x00000219c210cbc0,
0x00000219c2109410, 0x00000219c210d0d0, 0x00000219c2109920, 0x00000219c210e000,
0x00000219c210f440, 0x00000219c2110370, 0x00000219c210ef30, 0x00000219c210fe60,
0x00000219c210d5e0, 0x00000219c210ea20, 0x00000219d7433010, 0x00000219d7432b00,
0x00000219d74320e0, 0x00000219d7433520, 0x00000219d74311b0, 0x00000219d7433a30,
0x00000219d74325f0, 0x00000219c25c4580
}

Java Threads: ( => current thread )
  0x00000219a224a6a0 JavaThread "main" [_thread_blocked, id=1912, stack(0x0000007480600000,0x0000007480700000)]
  0x00000219bc65b5f0 JavaThread "Reference Handler" daemon [_thread_blocked, id=3744, stack(0x0000007480d00000,0x0000007480e00000)]
  0x00000219bc696c30 JavaThread "Finalizer" daemon [_thread_blocked, id=23660, stack(0x0000007480e00000,0x0000007480f00000)]
  0x00000219bc6c1020 JavaThread "Signal Dispatcher" daemon [_thread_blocked, id=16584, stack(0x0000007480f00000,0x0000007481000000)]
  0x00000219bc6c18f0 JavaThread "Attach Listener" daemon [_thread_blocked, id=29128, stack(0x0000007481000000,0x0000007481100000)]
  0x00000219bc6c21c0 JavaThread "Service Thread" daemon [_thread_blocked, id=24612, stack(0x0000007481100000,0x0000007481200000)]
  0x00000219bc701b80 JavaThread "Monitor Deflation Thread" daemon [_thread_blocked, id=28032, stack(0x0000007481200000,0x0000007481300000)]
  0x00000219bc7032f0 JavaThread "C2 CompilerThread0" daemon [_thread_in_native, id=17628, stack(0x0000007481300000,0x0000007481400000)]
  0x00000219bc70c230 JavaThread "C1 CompilerThread0" daemon [_thread_in_native, id=23400, stack(0x0000007481400000,0x0000007481500000)]
  0x00000219bc718050 JavaThread "Sweeper thread" daemon [_thread_blocked, id=4864, stack(0x0000007481500000,0x0000007481600000)]
  0x00000219bc50ef20 JavaThread "Common-Cleaner" daemon [_thread_blocked, id=23420, stack(0x0000007481600000,0x0000007481700000)]
  0x00000219bc95c2c0 JavaThread "Notification Thread" daemon [_thread_blocked, id=2376, stack(0x0000007481700000,0x0000007481800000)]
  0x00000219c2dca030 JavaThread "Daemon health stats" [_thread_blocked, id=4028, stack(0x0000007482000000,0x0000007482100000)]
  0x00000219c126ca90 JavaThread "Incoming local TCP Connector on port 51240" [_thread_in_native, id=28992, stack(0x0000007482100000,0x0000007482200000)]
  0x00000219c3118950 JavaThread "Daemon periodic checks" [_thread_blocked, id=9896, stack(0x0000007482200000,0x0000007482300000)]
  0x00000219c1f99eb0 JavaThread "Cache worker for journal cache (C:\Users\hb200\.gradle\caches\journal-1)" [_thread_blocked, id=15568, stack(0x0000007482f00000,0x0000007483000000)]
  0x00000219c1f9a3c0 JavaThread "File lock request listener" [_thread_in_native, id=23176, stack(0x0000007483000000,0x0000007483100000)]
  0x00000219c1f9a8d0 JavaThread "Cache worker for file hash cache (C:\Users\hb200\.gradle\caches\8.9\fileHashes)" [_thread_blocked, id=15432, stack(0x0000007483100000,0x0000007483200000)]
  0x00000219c3ff9c90 JavaThread "File watcher server" daemon [_thread_in_native, id=27868, stack(0x0000007483500000,0x0000007483600000)]
  0x00000219c3ffa1a0 JavaThread "File watcher consumer" daemon [_thread_blocked, id=14736, stack(0x0000007483600000,0x0000007483700000)]
  0x00000219c3ff6f00 JavaThread "jar transforms" [_thread_blocked, id=9788, stack(0x0000007481900000,0x0000007481a00000)]
  0x00000219c3ff9270 JavaThread "jar transforms Thread 2" [_thread_blocked, id=6380, stack(0x0000007483200000,0x0000007483300000)]
  0x00000219c3ffabc0 JavaThread "jar transforms Thread 3" [_thread_blocked, id=29048, stack(0x0000007483700000,0x0000007483800000)]
  0x00000219c3ff7410 JavaThread "jar transforms Thread 4" [_thread_blocked, id=26024, stack(0x0000007483800000,0x0000007483900000)]
  0x00000219c3ffb0d0 JavaThread "jar transforms Thread 5" [_thread_blocked, id=9712, stack(0x0000007483900000,0x0000007483a00000)]
  0x00000219c3ff7920 JavaThread "jar transforms Thread 6" [_thread_blocked, id=12772, stack(0x0000007483a00000,0x0000007483b00000)]
  0x00000219c3ffb5e0 JavaThread "jar transforms Thread 7" [_thread_blocked, id=6556, stack(0x0000007483b00000,0x0000007483c00000)]
  0x00000219c3ff7e30 JavaThread "jar transforms Thread 8" [_thread_blocked, id=8064, stack(0x0000007483c00000,0x0000007483d00000)]
  0x00000219c3ffbaf0 JavaThread "jar transforms Thread 9" [_thread_blocked, id=29688, stack(0x0000007483d00000,0x0000007483e00000)]
  0x00000219c3ff8340 JavaThread "jar transforms Thread 10" [_thread_blocked, id=14528, stack(0x0000007483e00000,0x0000007483f00000)]
  0x00000219c3ffcf30 JavaThread "jar transforms Thread 11" [_thread_blocked, id=20224, stack(0x0000007483f00000,0x0000007484000000)]
  0x00000219c3ffc000 JavaThread "jar transforms Thread 12" [_thread_blocked, id=27880, stack(0x0000007484000000,0x0000007484100000)]
  0x00000219c3ffd950 JavaThread "Cache worker for file content cache (C:\Users\hb200\.gradle\caches\8.9\fileContent)" [_thread_blocked, id=5600, stack(0x0000007484400000,0x0000007484500000)]
  0x00000219c7919c40 JavaThread "Memory manager" [_thread_blocked, id=14100, stack(0x0000007488000000,0x0000007488100000)]
  0x00000219c8401e70 JavaThread "Daemon Thread 2" [_thread_blocked, id=17220, stack(0x0000007480500000,0x0000007480600000)]
  0x00000219c8402890 JavaThread "Handler for socket connection from /127.0.0.1:51240 to /127.0.0.1:52487" [_thread_in_native, id=10188, stack(0x0000007481a00000,0x0000007481b00000)]
  0x00000219c8402380 JavaThread "Cancel handler" [_thread_blocked, id=13660, stack(0x0000007482300000,0x0000007482400000)]
  0x00000219c8400520 JavaThread "Daemon worker Thread 2" [_thread_blocked, id=22392, stack(0x0000007482400000,0x0000007482500000)]
  0x00000219c8400f40 JavaThread "Asynchronous log dispatcher for DefaultDaemonConnection: socket connection from /127.0.0.1:51240 to /127.0.0.1:52487" [_thread_blocked, id=17308, stack(0x0000007482500000,0x0000007482600000)]
  0x00000219c83ff0e0 JavaThread "Stdin handler" [_thread_blocked, id=9984, stack(0x0000007482600000,0x0000007482700000)]
  0x00000219c8401450 JavaThread "Daemon client event forwarder" [_thread_blocked, id=6512, stack(0x0000007482700000,0x0000007482800000)]
  0x00000219c8400010 JavaThread "Cache worker for file hash cache (C:\Users\hb200\Desktop\SYSTEM INTEG FULL REGRESSION\IT342-Bebita-LostandFoundPortal\mobile\.gradle\8.9\fileHashes)" [_thread_blocked, id=14772, stack(0x0000007482800000,0x0000007482900000)]
  0x00000219c8401960 JavaThread "Cache worker for Build Output Cleanup Cache (C:\Users\hb200\Desktop\SYSTEM INTEG FULL REGRESSION\IT342-Bebita-LostandFoundPortal\mobile\.gradle\buildOutputCleanup)" [_thread_blocked, id=4512, stack(0x0000007483300000,0x0000007483400000)]
  0x00000219c6af3950 JavaThread "C2 CompilerThread1" daemon [_thread_in_native, id=23060, stack(0x0000007483400000,0x0000007483500000)]
  0x00000219c8400a30 JavaThread "Cache worker for checksums cache (C:\Users\hb200\Desktop\SYSTEM INTEG FULL REGRESSION\IT342-Bebita-LostandFoundPortal\mobile\.gradle\8.9\checksums)" [_thread_blocked, id=13036, stack(0x0000007484100000,0x0000007484200000)]
  0x00000219c8402da0 JavaThread "Cache worker for cache directory md-rule (C:\Users\hb200\.gradle\caches\8.9\md-rule)" [_thread_blocked, id=28556, stack(0x0000007484200000,0x0000007484300000)]
  0x00000219c83ff5f0 JavaThread "Cache worker for cache directory md-supplier (C:\Users\hb200\.gradle\caches\8.9\md-supplier)" [_thread_blocked, id=10192, stack(0x0000007484300000,0x0000007484400000)]
  0x00000219c8405b30 JavaThread "Unconstrained build operations" [_thread_blocked, id=12740, stack(0x0000007484600000,0x0000007484700000)]
  0x00000219c84037c0 JavaThread "Unconstrained build operations Thread 2" [_thread_blocked, id=22952, stack(0x0000007484700000,0x0000007484800000)]
  0x00000219c8403cd0 JavaThread "Unconstrained build operations Thread 3" [_thread_blocked, id=27044, stack(0x0000007484800000,0x0000007484900000)]
  0x00000219c8404c00 JavaThread "Unconstrained build operations Thread 4" [_thread_blocked, id=28436, stack(0x0000007484c00000,0x0000007484d00000)]
  0x00000219c84097f0 JavaThread "Unconstrained build operations Thread 5" [_thread_blocked, id=3192, stack(0x0000007484d00000,0x0000007484e00000)]
  0x00000219c84092e0 JavaThread "Unconstrained build operations Thread 6" [_thread_blocked, id=27292, stack(0x0000007484f00000,0x0000007485000000)]
  0x00000219c840a210 JavaThread "Unconstrained build operations Thread 7" [_thread_blocked, id=15656, stack(0x0000007485000000,0x0000007485100000)]
  0x00000219c840bb60 JavaThread "Unconstrained build operations Thread 8" [_thread_blocked, id=8140, stack(0x0000007485100000,0x0000007485200000)]
  0x00000219c8409d00 JavaThread "Unconstrained build operations Thread 9" [_thread_blocked, id=22228, stack(0x0000007485200000,0x0000007485300000)]
  0x00000219c840ac30 JavaThread "Unconstrained build operations Thread 10" [_thread_blocked, id=6680, stack(0x0000007485300000,0x0000007485400000)]
  0x00000219c840b650 JavaThread "Unconstrained build operations Thread 11" [_thread_blocked, id=18928, stack(0x0000007485400000,0x0000007485500000)]
  0x00000219c840a720 JavaThread "Unconstrained build operations Thread 12" [_thread_blocked, id=28468, stack(0x0000007485500000,0x0000007485600000)]
  0x00000219c8408dd0 JavaThread "Unconstrained build operations Thread 13" [_thread_blocked, id=12656, stack(0x0000007485600000,0x0000007485700000)]
  0x00000219c840b140 JavaThread "Unconstrained build operations Thread 14" [_thread_blocked, id=19604, stack(0x0000007485700000,0x0000007485800000)]
  0x00000219c840c070 JavaThread "Unconstrained build operations Thread 15" [_thread_blocked, id=27228, stack(0x0000007485800000,0x0000007485900000)]
  0x00000219c84088c0 JavaThread "Unconstrained build operations Thread 16" [_thread_blocked, id=2740, stack(0x0000007485900000,0x0000007485a00000)]
  0x00000219c840e8f0 JavaThread "Unconstrained build operations Thread 17" [_thread_blocked, id=27700, stack(0x0000007485a00000,0x0000007485b00000)]
  0x00000219c840c580 JavaThread "Unconstrained build operations Thread 18" [_thread_blocked, id=22000, stack(0x0000007485b00000,0x0000007485c00000)]
  0x00000219c840ca90 JavaThread "Unconstrained build operations Thread 19" [_thread_blocked, id=14204, stack(0x0000007485c00000,0x0000007485d00000)]
  0x00000219c840cfa0 JavaThread "Unconstrained build operations Thread 20" [_thread_blocked, id=25432, stack(0x0000007485d00000,0x0000007485e00000)]
  0x00000219c840d4b0 JavaThread "Unconstrained build operations Thread 21" [_thread_blocked, id=24952, stack(0x0000007485e00000,0x0000007485f00000)]
  0x00000219c840ded0 JavaThread "Unconstrained build operations Thread 22" [_thread_blocked, id=3044, stack(0x0000007485f00000,0x0000007486000000)]
  0x00000219c840e3e0 JavaThread "build event listener" [_thread_blocked, id=22324, stack(0x0000007486000000,0x0000007486100000)]
  0x00000219d8b6d380 JavaThread "included builds" [_thread_blocked, id=20452, stack(0x0000007486100000,0x0000007486200000)]
  0x00000219d8b6d890 JavaThread "Execution worker" [_thread_blocked, id=26536, stack(0x0000007486200000,0x0000007486300000)]
  0x00000219d8b6c450 JavaThread "Execution worker Thread 2" [_thread_blocked, id=200, stack(0x0000007486300000,0x0000007486400000)]
  0x00000219d8b6c960 JavaThread "Execution worker Thread 3" [_thread_blocked, id=28892, stack(0x0000007486400000,0x0000007486500000)]
  0x00000219d8b6f1e0 JavaThread "Execution worker Thread 4" [_thread_blocked, id=28136, stack(0x0000007486500000,0x0000007486600000)]
  0x00000219d8b6e7c0 JavaThread "Execution worker Thread 5" [_thread_blocked, id=27304, stack(0x0000007486600000,0x0000007486700000)]
  0x00000219d8b6ecd0 JavaThread "Execution worker Thread 6" [_thread_blocked, id=6148, stack(0x0000007486700000,0x0000007486800000)]
  0x00000219d8b71550 JavaThread "Execution worker Thread 7" [_thread_blocked, id=27780, stack(0x0000007486800000,0x0000007486900000)]
  0x00000219d8b6fc00 JavaThread "Execution worker Thread 8" [_thread_blocked, id=22212, stack(0x0000007486900000,0x0000007486a00000)]
  0x00000219d8b70110 JavaThread "Execution worker Thread 9" [_thread_blocked, id=18076, stack(0x0000007486a00000,0x0000007486b00000)]
  0x00000219d8b70620 JavaThread "Execution worker Thread 10" [_thread_blocked, id=18292, stack(0x0000007486b00000,0x0000007486c00000)]
  0x00000219d8b70b30 JavaThread "Execution worker Thread 11" [_thread_blocked, id=872, stack(0x0000007486c00000,0x0000007486d00000)]
  0x00000219d8b6dda0 JavaThread "Cache worker for execution history cache (C:\Users\hb200\Desktop\SYSTEM INTEG FULL REGRESSION\IT342-Bebita-LostandFoundPortal\mobile\.gradle\8.9\executionHistory)" [_thread_blocked, id=16280, stack(0x0000007486d00000,0x0000007486e00000)]
  0x00000219d8b71a60 JavaThread "Unconstrained build operations Thread 23" [_thread_blocked, id=19672, stack(0x0000007486e00000,0x0000007486f00000)]
  0x00000219d8b6e2b0 JavaThread "Unconstrained build operations Thread 24" [_thread_blocked, id=22828, stack(0x0000007486f00000,0x0000007487000000)]
  0x00000219d8b71f70 JavaThread "Unconstrained build operations Thread 25" [_thread_blocked, id=18868, stack(0x0000007487000000,0x0000007487100000)]
  0x00000219d8b733b0 JavaThread "Unconstrained build operations Thread 26" [_thread_blocked, id=8736, stack(0x0000007487100000,0x0000007487200000)]
  0x00000219d8b72480 JavaThread "Unconstrained build operations Thread 27" [_thread_blocked, id=17952, stack(0x0000007487200000,0x0000007487300000)]
  0x00000219d8b72ea0 JavaThread "Unconstrained build operations Thread 28" [_thread_blocked, id=24996, stack(0x0000007487300000,0x0000007487400000)]
  0x00000219d8b72990 JavaThread "Unconstrained build operations Thread 29" [_thread_blocked, id=13788, stack(0x0000007487400000,0x0000007487500000)]
  0x00000219d8b738c0 JavaThread "Unconstrained build operations Thread 30" [_thread_blocked, id=10392, stack(0x0000007487500000,0x0000007487600000)]
  0x00000219c210a340 JavaThread "Unconstrained build operations Thread 31" [_thread_blocked, id=25296, stack(0x0000007487600000,0x0000007487700000)]
  0x00000219c210ad60 JavaThread "Unconstrained build operations Thread 32" [_thread_blocked, id=13288, stack(0x0000007487700000,0x0000007487800000)]
  0x00000219c210bc90 JavaThread "Unconstrained build operations Thread 33" [_thread_blocked, id=12868, stack(0x0000007487800000,0x0000007487900000)]
  0x00000219c210c6b0 JavaThread "WorkerExecutor Queue" [_thread_in_Java, id=8540, stack(0x0000007487900000,0x0000007487a00000)]
  0x00000219c210b780 JavaThread "Unconstrained build operations Thread 34" [_thread_blocked, id=28112, stack(0x0000007487a00000,0x0000007487b00000)]
  0x00000219c2109e30 JavaThread "Unconstrained build operations Thread 35" [_thread_blocked, id=17536, stack(0x0000007487b00000,0x0000007487c00000)]
  0x00000219c210b270 JavaThread "Unconstrained build operations Thread 36" [_thread_blocked, id=21816, stack(0x0000007487c00000,0x0000007487d00000)]
  0x00000219c2108f00 JavaThread "Unconstrained build operations Thread 37" [_thread_blocked, id=3948, stack(0x0000007487d00000,0x0000007487e00000)]
  0x00000219c210cbc0 JavaThread "Unconstrained build operations Thread 38" [_thread_blocked, id=27976, stack(0x0000007487e00000,0x0000007487f00000)]
  0x00000219c2109410 JavaThread "Unconstrained build operations Thread 39" [_thread_blocked, id=25900, stack(0x0000007487f00000,0x0000007488000000)]
  0x00000219c210d0d0 JavaThread "Unconstrained build operations Thread 40" [_thread_blocked, id=26264, stack(0x0000007488100000,0x0000007488200000)]
  0x00000219c2109920 JavaThread "Unconstrained build operations Thread 41" [_thread_blocked, id=1920, stack(0x0000007488200000,0x0000007488300000)]
  0x00000219c210e000 JavaThread "Unconstrained build operations Thread 42" [_thread_blocked, id=9964, stack(0x0000007488300000,0x0000007488400000)]
  0x00000219c210f440 JavaThread "Unconstrained build operations Thread 43" [_thread_blocked, id=12612, stack(0x0000007488400000,0x0000007488500000)]
  0x00000219c2110370 JavaThread "Unconstrained build operations Thread 44" [_thread_blocked, id=23316, stack(0x0000007488500000,0x0000007488600000)]
  0x00000219c210ef30 JavaThread "WorkerExecutor Queue Thread 2" [_thread_blocked, id=21108, stack(0x0000007484500000,0x0000007484600000)]
  0x00000219c210fe60 JavaThread "WorkerExecutor Queue Thread 3" [_thread_blocked, id=16708, stack(0x0000007488600000,0x0000007488700000)]
  0x00000219c210d5e0 JavaThread "WorkerExecutor Queue Thread 4" [_thread_blocked, id=1128, stack(0x0000007488700000,0x0000007488800000)]
  0x00000219c210ea20 JavaThread "WorkerExecutor Queue Thread 5" [_thread_in_native, id=28844, stack(0x0000007488800000,0x0000007488900000)]
  0x00000219d7433010 JavaThread "WorkerExecutor Queue Thread 6" [_thread_blocked, id=26944, stack(0x0000007488900000,0x0000007488a00000)]
  0x00000219d7432b00 JavaThread "WorkerExecutor Queue Thread 7" [_thread_blocked, id=4440, stack(0x0000007488a00000,0x0000007488b00000)]
  0x00000219d74320e0 JavaThread "WorkerExecutor Queue Thread 8" [_thread_blocked, id=21700, stack(0x0000007488b00000,0x0000007488c00000)]
  0x00000219d7433520 JavaThread "WorkerExecutor Queue Thread 9" [_thread_blocked, id=1936, stack(0x0000007488c00000,0x0000007488d00000)]
  0x00000219d74311b0 JavaThread "WorkerExecutor Queue Thread 10" [_thread_blocked, id=5816, stack(0x0000007488d00000,0x0000007488e00000)]
  0x00000219d7433a30 JavaThread "WorkerExecutor Queue Thread 11" [_thread_blocked, id=684, stack(0x0000007488f00000,0x0000007489000000)]
  0x00000219d74325f0 JavaThread "WorkerExecutor Queue Thread 12" [_thread_blocked, id=19156, stack(0x0000007489000000,0x0000007489100000)]
=>0x00000219c25c4580 JavaThread "C2 CompilerThread2" daemon [_thread_in_native, id=4324, stack(0x0000007489100000,0x0000007489200000)]

Other Threads:
  0x00000219bc65b0c0 VMThread "VM Thread" [stack: 0x0000007480c00000,0x0000007480d00000] [id=24124]
  0x00000219a224c440 WatcherThread [stack: 0x0000007481800000,0x0000007481900000] [id=20836]
  0x00000219a22aba90 GCTaskThread "GC Thread#0" [stack: 0x0000007480700000,0x0000007480800000] [id=11952]
  0x00000219c1641cd0 GCTaskThread "GC Thread#1" [stack: 0x0000007481b00000,0x0000007481c00000] [id=21968]
  0x00000219c16ba400 GCTaskThread "GC Thread#2" [stack: 0x0000007481c00000,0x0000007481d00000] [id=8764]
  0x00000219c12004f0 GCTaskThread "GC Thread#3" [stack: 0x0000007481d00000,0x0000007481e00000] [id=3056]
  0x00000219c1334b70 GCTaskThread "GC Thread#4" [stack: 0x0000007481e00000,0x0000007481f00000] [id=18800]
  0x00000219c18eedb0 GCTaskThread "GC Thread#5" [stack: 0x0000007481f00000,0x0000007482000000] [id=8176]
  0x00000219c1c10740 GCTaskThread "GC Thread#6" [stack: 0x0000007482900000,0x0000007482a00000] [id=28208]
  0x00000219c1c10cc0 GCTaskThread "GC Thread#7" [stack: 0x0000007482a00000,0x0000007482b00000] [id=28680]
  0x00000219c1c11d40 GCTaskThread "GC Thread#8" [stack: 0x0000007482b00000,0x0000007482c00000] [id=16344]
  0x00000219c1c10f80 GCTaskThread "GC Thread#9" [stack: 0x0000007482c00000,0x0000007482d00000] [id=13168]
  0x00000219a22bd5c0 ConcurrentGCThread "G1 Main Marker" [stack: 0x0000007480800000,0x0000007480900000] [id=16024]
  0x00000219a22be690 ConcurrentGCThread "G1 Conc#0" [stack: 0x0000007480900000,0x0000007480a00000] [id=28044]
  0x00000219c1c11500 ConcurrentGCThread "G1 Conc#1" [stack: 0x0000007482d00000,0x0000007482e00000] [id=28928]
  0x00000219c1c12000 ConcurrentGCThread "G1 Conc#2" [stack: 0x0000007482e00000,0x0000007482f00000] [id=17664]
  0x00000219bc3daa10 ConcurrentGCThread "G1 Refine#0" [stack: 0x0000007480a00000,0x0000007480b00000] [id=8608]
  0x00000219c60e5540 ConcurrentGCThread "G1 Refine#1" [stack: 0x0000007484900000,0x0000007484a00000] [id=8128]
  0x00000219c60e63f0 ConcurrentGCThread "G1 Refine#2" [stack: 0x0000007484a00000,0x0000007484b00000] [id=2940]
  0x00000219c60e6100 ConcurrentGCThread "G1 Refine#3" [stack: 0x0000007484b00000,0x0000007484c00000] [id=13512]
  0x00000219c60e5250 ConcurrentGCThread "G1 Refine#4" [stack: 0x0000007484e00000,0x0000007484f00000] [id=27352]
  0x00000219bc3db350 ConcurrentGCThread "G1 Service" [stack: 0x0000007480b00000,0x0000007480c00000] [id=19620]

Threads with active compile tasks:
C2 CompilerThread0   325572 30600       4       com.android.utils.XmlUtils::append (597 bytes)
C1 CompilerThread0   325572 31022       2       com.android.aaptcompiler.StringPool$Context::<init> (39 bytes)
C2 CompilerThread1   325572 30679   !   4       java.io.ObjectOutputStream::writeOrdinaryObject (196 bytes)
C2 CompilerThread2   325572 30625       4       java.io.ObjectOutputStream::writeClassDesc (60 bytes)

VM state: not at safepoint (normal execution)

VM Mutex/Monitor currently owned by a thread: None

Heap address: 0x0000000080000000, size: 2048 MB, Compressed Oops mode: 32-bit

CDS archive(s) not mapped
Compressed class space mapped at: 0x0000000100000000-0x0000000140000000, reserved size: 1073741824
Narrow klass base: 0x0000000000000000, Narrow klass shift: 3, Narrow klass range: 0x140000000

GC Precious Log:
 CPUs: 12 total, 12 available
 Memory: 16108M
 Large Page Support: Disabled
 NUMA Support: Disabled
 Compressed Oops: Enabled (32-bit)
 Heap Region Size: 1M
 Heap Min Capacity: 8M
 Heap Initial Capacity: 252M
 Heap Max Capacity: 2G
 Pre-touch: Disabled
 Parallel Workers: 10
 Concurrent Workers: 3
 Concurrent Refinement Workers: 10
 Periodic GC: Disabled

Heap:
 garbage-first heap   total 567296K, used 478810K [0x0000000080000000, 0x0000000100000000)
  region size 1024K, 137 young (140288K), 14 survivors (14336K)
 Metaspace       used 210862K, committed 212032K, reserved 1245184K
  class space    used 27010K, committed 27584K, reserved 1048576K

Heap Regions: E=young(eden), S=young(survivor), O=old, HS=humongous(starts), HC=humongous(continues), CS=collection set, F=free, OA=open archive, CA=closed archive, TAMS=top-at-mark-start (previous, next)
|   0|0x0000000080000000, 0x0000000080100000, 0x0000000080100000|100%|HS|  |TAMS 0x0000000080100000, 0x0000000080000000| Complete 
|   1|0x0000000080100000, 0x0000000080200000, 0x0000000080200000|100%|HC|  |TAMS 0x0000000080200000, 0x0000000080100000| Complete 
|   2|0x0000000080200000, 0x0000000080300000, 0x0000000080300000|100%|HC|  |TAMS 0x0000000080300000, 0x0000000080200000| Complete 
|   3|0x0000000080300000, 0x0000000080400000, 0x0000000080400000|100%|HC|  |TAMS 0x0000000080400000, 0x0000000080300000| Complete 
|   4|0x0000000080400000, 0x0000000080500000, 0x0000000080500000|100%| O|  |TAMS 0x0000000080500000, 0x0000000080400000| Untracked 
|   5|0x0000000080500000, 0x0000000080600000, 0x0000000080600000|100%| O|  |TAMS 0x0000000080600000, 0x0000000080500000| Untracked 
|   6|0x0000000080600000, 0x0000000080700000, 0x0000000080700000|100%| O|  |TAMS 0x0000000080700000, 0x0000000080600000| Untracked 
|   7|0x0000000080700000, 0x0000000080800000, 0x0000000080800000|100%| O|  |TAMS 0x0000000080800000, 0x0000000080700000| Untracked 
|   8|0x0000000080800000, 0x0000000080900000, 0x0000000080900000|100%| O|  |TAMS 0x0000000080900000, 0x0000000080800000| Untracked 
|   9|0x0000000080900000, 0x0000000080a00000, 0x0000000080a00000|100%| O|  |TAMS 0x0000000080a00000, 0x0000000080900000| Untracked 
|  10|0x0000000080a00000, 0x0000000080a87000, 0x0000000080b00000| 52%| O|  |TAMS 0x0000000080a87000, 0x0000000080a00000| Untracked 
|  11|0x0000000080b00000, 0x0000000080c00000, 0x0000000080c00000|100%|HS|  |TAMS 0x0000000080c00000, 0x0000000080b00000| Complete 
|  12|0x0000000080c00000, 0x0000000080d00000, 0x0000000080d00000|100%| O|  |TAMS 0x0000000080d00000, 0x0000000080c00000| Untracked 
|  13|0x0000000080d00000, 0x0000000080e00000, 0x0000000080e00000|100%| O|  |TAMS 0x0000000080e00000, 0x0000000080d00000| Untracked 
|  14|0x0000000080e00000, 0x0000000080f00000, 0x0000000080f00000|100%| O|  |TAMS 0x0000000080f00000, 0x0000000080e00000| Untracked 
|  15|0x0000000080f00000, 0x0000000081000000, 0x0000000081000000|100%| O|  |TAMS 0x0000000081000000, 0x0000000080f00000| Untracked 
|  16|0x0000000081000000, 0x0000000081100000, 0x0000000081100000|100%| O|  |TAMS 0x0000000081100000, 0x0000000081000000| Untracked 
|  17|0x0000000081100000, 0x0000000081200000, 0x0000000081200000|100%| O|  |TAMS 0x0000000081200000, 0x0000000081100000| Untracked 
|  18|0x0000000081200000, 0x0000000081300000, 0x0000000081300000|100%| O|  |TAMS 0x0000000081300000, 0x0000000081200000| Untracked 
|  19|0x0000000081300000, 0x0000000081400000, 0x0000000081400000|100%| O|  |TAMS 0x0000000081400000, 0x0000000081300000| Untracked 
|  20|0x0000000081400000, 0x0000000081500000, 0x0000000081500000|100%| O|  |TAMS 0x0000000081500000, 0x0000000081400000| Untracked 
|  21|0x0000000081500000, 0x0000000081600000, 0x0000000081600000|100%| O|  |TAMS 0x0000000081600000, 0x0000000081500000| Untracked 
|  22|0x0000000081600000, 0x0000000081700000, 0x0000000081700000|100%|HS|  |TAMS 0x0000000081700000, 0x0000000081600000| Complete 
|  23|0x0000000081700000, 0x0000000081800000, 0x0000000081800000|100%|HC|  |TAMS 0x0000000081800000, 0x0000000081700000| Complete 
|  24|0x0000000081800000, 0x0000000081900000, 0x0000000081900000|100%|HS|  |TAMS 0x0000000081900000, 0x0000000081800000| Complete 
|  25|0x0000000081900000, 0x0000000081a00000, 0x0000000081a00000|100%|HC|  |TAMS 0x0000000081a00000, 0x0000000081900000| Complete 
|  26|0x0000000081a00000, 0x0000000081b00000, 0x0000000081b00000|100%|HC|  |TAMS 0x0000000081b00000, 0x0000000081a00000| Complete 
|  27|0x0000000081b00000, 0x0000000081c00000, 0x0000000081c00000|100%|HS|  |TAMS 0x0000000081c00000, 0x0000000081b00000| Complete 
|  28|0x0000000081c00000, 0x0000000081d00000, 0x0000000081d00000|100%|HC|  |TAMS 0x0000000081d00000, 0x0000000081c00000| Complete 
|  29|0x0000000081d00000, 0x0000000081e00000, 0x0000000081e00000|100%|HC|  |TAMS 0x0000000081e00000, 0x0000000081d00000| Complete 
|  30|0x0000000081e00000, 0x0000000081f00000, 0x0000000081f00000|100%|HS|  |TAMS 0x0000000081f00000, 0x0000000081e00000| Complete 
|  31|0x0000000081f00000, 0x0000000082000000, 0x0000000082000000|100%|HC|  |TAMS 0x0000000082000000, 0x0000000081f00000| Complete 
|  32|0x0000000082000000, 0x0000000082100000, 0x0000000082100000|100%|HC|  |TAMS 0x0000000082100000, 0x0000000082000000| Complete 
|  33|0x0000000082100000, 0x0000000082200000, 0x0000000082200000|100%| O|  |TAMS 0x0000000082200000, 0x0000000082100000| Untracked 
|  34|0x0000000082200000, 0x0000000082300000, 0x0000000082300000|100%| O|  |TAMS 0x0000000082300000, 0x0000000082200000| Untracked 
|  35|0x0000000082300000, 0x0000000082400000, 0x0000000082400000|100%| O|  |TAMS 0x0000000082400000, 0x0000000082300000| Untracked 
|  36|0x0000000082400000, 0x0000000082500000, 0x0000000082500000|100%| O|  |TAMS 0x0000000082500000, 0x0000000082400000| Untracked 
|  37|0x0000000082500000, 0x0000000082600000, 0x0000000082600000|100%| O|  |TAMS 0x0000000082600000, 0x0000000082500000| Complete 
|  38|0x0000000082600000, 0x0000000082700000, 0x0000000082700000|100%| O|  |TAMS 0x0000000082700000, 0x0000000082600000| Untracked 
|  39|0x0000000082700000, 0x0000000082800000, 0x0000000082800000|100%| O|  |TAMS 0x0000000082800000, 0x0000000082700000| Untracked 
|  40|0x0000000082800000, 0x0000000082900000, 0x0000000082900000|100%| O|  |TAMS 0x0000000082900000, 0x0000000082800000| Untracked 
|  41|0x0000000082900000, 0x0000000082a00000, 0x0000000082a00000|100%| O|  |TAMS 0x0000000082a00000, 0x0000000082900000| Untracked 
|  42|0x0000000082a00000, 0x0000000082b00000, 0x0000000082b00000|100%| O|  |TAMS 0x0000000082b00000, 0x0000000082a00000| Untracked 
|  43|0x0000000082b00000, 0x0000000082c00000, 0x0000000082c00000|100%| O|  |TAMS 0x0000000082c00000, 0x0000000082b00000| Untracked 
|  44|0x0000000082c00000, 0x0000000082d00000, 0x0000000082d00000|100%| O|  |TAMS 0x0000000082d00000, 0x0000000082c00000| Untracked 
|  45|0x0000000082d00000, 0x0000000082e00000, 0x0000000082e00000|100%| O|  |TAMS 0x0000000082e00000, 0x0000000082d00000| Untracked 
|  46|0x0000000082e00000, 0x0000000082f00000, 0x0000000082f00000|100%| O|  |TAMS 0x0000000082f00000, 0x0000000082e00000| Untracked 
|  47|0x0000000082f00000, 0x0000000083000000, 0x0000000083000000|100%| O|  |TAMS 0x0000000083000000, 0x0000000082f00000| Untracked 
|  48|0x0000000083000000, 0x0000000083100000, 0x0000000083100000|100%|HS|  |TAMS 0x0000000083000000, 0x0000000083000000| Complete 
|  49|0x0000000083100000, 0x0000000083200000, 0x0000000083200000|100%| O|  |TAMS 0x0000000083100000, 0x0000000083100000| Untracked 
|  50|0x0000000083200000, 0x0000000083300000, 0x0000000083300000|100%| O|  |TAMS 0x0000000083300000, 0x0000000083200000| Untracked 
|  51|0x0000000083300000, 0x0000000083400000, 0x0000000083400000|100%| O|  |TAMS 0x0000000083400000, 0x0000000083300000| Untracked 
|  52|0x0000000083400000, 0x0000000083500000, 0x0000000083500000|100%| O|  |TAMS 0x0000000083500000, 0x0000000083400000| Untracked 
|  53|0x0000000083500000, 0x0000000083600000, 0x0000000083600000|100%| O|  |TAMS 0x0000000083600000, 0x0000000083500000| Untracked 
|  54|0x0000000083600000, 0x0000000083700000, 0x0000000083700000|100%| O|  |TAMS 0x0000000083700000, 0x0000000083600000| Untracked 
|  55|0x0000000083700000, 0x0000000083800000, 0x0000000083800000|100%| O|  |TAMS 0x0000000083800000, 0x0000000083700000| Untracked 
|  56|0x0000000083800000, 0x0000000083900000, 0x0000000083900000|100%| O|  |TAMS 0x0000000083900000, 0x0000000083800000| Untracked 
|  57|0x0000000083900000, 0x0000000083a00000, 0x0000000083a00000|100%|HS|  |TAMS 0x0000000083900000, 0x0000000083900000| Complete 
|  58|0x0000000083a00000, 0x0000000083b00000, 0x0000000083b00000|100%|HC|  |TAMS 0x0000000083a00000, 0x0000000083a00000| Complete 
|  59|0x0000000083b00000, 0x0000000083c00000, 0x0000000083c00000|100%|HS|  |TAMS 0x0000000083b00000, 0x0000000083b00000| Complete 
|  60|0x0000000083c00000, 0x0000000083d00000, 0x0000000083d00000|100%| O|  |TAMS 0x0000000083d00000, 0x0000000083c00000| Untracked 
|  61|0x0000000083d00000, 0x0000000083e00000, 0x0000000083e00000|100%| O|  |TAMS 0x0000000083e00000, 0x0000000083d00000| Untracked 
|  62|0x0000000083e00000, 0x0000000083f00000, 0x0000000083f00000|100%| O|  |TAMS 0x0000000083f00000, 0x0000000083e00000| Complete 
|  63|0x0000000083f00000, 0x0000000084000000, 0x0000000084000000|100%| O|  |TAMS 0x0000000084000000, 0x0000000083f00000| Complete 
|  64|0x0000000084000000, 0x0000000084100000, 0x0000000084100000|100%|HS|  |TAMS 0x0000000084000000, 0x0000000084000000| Complete 
|  65|0x0000000084100000, 0x0000000084200000, 0x0000000084200000|100%| O|  |TAMS 0x0000000084200000, 0x0000000084100000| Untracked 
|  66|0x0000000084200000, 0x0000000084300000, 0x0000000084300000|100%| O|  |TAMS 0x0000000084300000, 0x0000000084200000| Complete 
|  67|0x0000000084300000, 0x0000000084400000, 0x0000000084400000|100%| O|  |TAMS 0x0000000084400000, 0x0000000084300000| Complete 
|  68|0x0000000084400000, 0x0000000084500000, 0x0000000084500000|100%| O|  |TAMS 0x0000000084500000, 0x0000000084400000| Complete 
|  69|0x0000000084500000, 0x0000000084600000, 0x0000000084600000|100%| O|  |TAMS 0x0000000084600000, 0x0000000084500000| Untracked 
|  70|0x0000000084600000, 0x0000000084700000, 0x0000000084700000|100%| O|  |TAMS 0x0000000084700000, 0x0000000084600000| Complete 
|  71|0x0000000084700000, 0x0000000084800000, 0x0000000084800000|100%| O|  |TAMS 0x0000000084800000, 0x0000000084700000| Complete 
|  72|0x0000000084800000, 0x0000000084900000, 0x0000000084900000|100%| O|  |TAMS 0x0000000084900000, 0x0000000084800000| Complete 
|  73|0x0000000084900000, 0x0000000084a00000, 0x0000000084a00000|100%| O|  |TAMS 0x0000000084900000, 0x0000000084900000| Untracked 
|  74|0x0000000084a00000, 0x0000000084b00000, 0x0000000084b00000|100%| O|  |TAMS 0x0000000084b00000, 0x0000000084a00000| Untracked 
|  75|0x0000000084b00000, 0x0000000084c00000, 0x0000000084c00000|100%|HS|  |TAMS 0x0000000084c00000, 0x0000000084b00000| Complete 
|  76|0x0000000084c00000, 0x0000000084d00000, 0x0000000084d00000|100%|HC|  |TAMS 0x0000000084d00000, 0x0000000084c00000| Complete 
|  77|0x0000000084d00000, 0x0000000084e00000, 0x0000000084e00000|100%|HC|  |TAMS 0x0000000084e00000, 0x0000000084d00000| Complete 
|  78|0x0000000084e00000, 0x0000000084f00000, 0x0000000084f00000|100%| O|  |TAMS 0x0000000084f00000, 0x0000000084e00000| Untracked 
|  79|0x0000000084f00000, 0x0000000085000000, 0x0000000085000000|100%| O|  |TAMS 0x0000000085000000, 0x0000000084f00000| Untracked 
|  80|0x0000000085000000, 0x0000000085100000, 0x0000000085100000|100%| O|  |TAMS 0x0000000085100000, 0x0000000085000000| Untracked 
|  81|0x0000000085100000, 0x0000000085200000, 0x0000000085200000|100%| O|  |TAMS 0x0000000085200000, 0x0000000085100000| Complete 
|  82|0x0000000085200000, 0x0000000085200000, 0x0000000085300000|  0%| F|  |TAMS 0x0000000085200000, 0x0000000085200000| Untracked 
|  83|0x0000000085300000, 0x0000000085400000, 0x0000000085400000|100%| O|  |TAMS 0x0000000085400000, 0x0000000085300000| Untracked 
|  84|0x0000000085400000, 0x0000000085500000, 0x0000000085500000|100%| O|  |TAMS 0x0000000085500000, 0x0000000085400000| Untracked 
|  85|0x0000000085500000, 0x0000000085600000, 0x0000000085600000|100%| O|  |TAMS 0x0000000085600000, 0x0000000085500000| Untracked 
|  86|0x0000000085600000, 0x0000000085700000, 0x0000000085700000|100%| O|  |TAMS 0x0000000085700000, 0x0000000085600000| Untracked 
|  87|0x0000000085700000, 0x0000000085800000, 0x0000000085800000|100%| O|  |TAMS 0x0000000085800000, 0x0000000085700000| Untracked 
|  88|0x0000000085800000, 0x0000000085900000, 0x0000000085900000|100%| O|  |TAMS 0x0000000085900000, 0x0000000085800000| Complete 
|  89|0x0000000085900000, 0x0000000085a00000, 0x0000000085a00000|100%| O|  |TAMS 0x0000000085a00000, 0x0000000085900000| Complete 
|  90|0x0000000085a00000, 0x0000000085b00000, 0x0000000085b00000|100%| O|  |TAMS 0x0000000085b00000, 0x0000000085a00000| Complete 
|  91|0x0000000085b00000, 0x0000000085b00000, 0x0000000085c00000|  0%| F|  |TAMS 0x0000000085b00000, 0x0000000085b00000| Untracked 
|  92|0x0000000085c00000, 0x0000000085d00000, 0x0000000085d00000|100%| O|  |TAMS 0x0000000085d00000, 0x0000000085c00000| Complete 
|  93|0x0000000085d00000, 0x0000000085e00000, 0x0000000085e00000|100%| O|  |TAMS 0x0000000085e00000, 0x0000000085d00000| Untracked 
|  94|0x0000000085e00000, 0x0000000085f00000, 0x0000000085f00000|100%| O|  |TAMS 0x0000000085f00000, 0x0000000085e00000| Complete 
|  95|0x0000000085f00000, 0x0000000086000000, 0x0000000086000000|100%| O|  |TAMS 0x0000000086000000, 0x0000000085f00000| Complete 
|  96|0x0000000086000000, 0x0000000086100000, 0x0000000086100000|100%| O|  |TAMS 0x0000000086100000, 0x0000000086000000| Complete 
|  97|0x0000000086100000, 0x0000000086200000, 0x0000000086200000|100%| O|  |TAMS 0x0000000086200000, 0x0000000086100000| Complete 
|  98|0x0000000086200000, 0x0000000086300000, 0x0000000086300000|100%| O|  |TAMS 0x0000000086300000, 0x0000000086200000| Complete 
|  99|0x0000000086300000, 0x0000000086400000, 0x0000000086400000|100%| O|  |TAMS 0x0000000086400000, 0x0000000086300000| Complete 
| 100|0x0000000086400000, 0x0000000086500000, 0x0000000086500000|100%| O|  |TAMS 0x0000000086500000, 0x0000000086400000| Complete 
| 101|0x0000000086500000, 0x0000000086600000, 0x0000000086600000|100%| O|  |TAMS 0x0000000086600000, 0x0000000086500000| Untracked 
| 102|0x0000000086600000, 0x0000000086700000, 0x0000000086700000|100%| O|  |TAMS 0x0000000086700000, 0x0000000086600000| Complete 
| 103|0x0000000086700000, 0x0000000086800000, 0x0000000086800000|100%| O|  |TAMS 0x0000000086800000, 0x0000000086700000| Complete 
| 104|0x0000000086800000, 0x0000000086900000, 0x0000000086900000|100%| O|  |TAMS 0x0000000086900000, 0x0000000086800000| Complete 
| 105|0x0000000086900000, 0x0000000086900000, 0x0000000086a00000|  0%| F|  |TAMS 0x0000000086900000, 0x0000000086900000| Untracked 
| 106|0x0000000086a00000, 0x0000000086b00000, 0x0000000086b00000|100%| O|  |TAMS 0x0000000086b00000, 0x0000000086a00000| Complete 
| 107|0x0000000086b00000, 0x0000000086c00000, 0x0000000086c00000|100%| O|  |TAMS 0x0000000086c00000, 0x0000000086b00000| Complete 
| 108|0x0000000086c00000, 0x0000000086d00000, 0x0000000086d00000|100%| O|  |TAMS 0x0000000086d00000, 0x0000000086c00000| Untracked 
| 109|0x0000000086d00000, 0x0000000086e00000, 0x0000000086e00000|100%| O|  |TAMS 0x0000000086e00000, 0x0000000086d00000| Untracked 
| 110|0x0000000086e00000, 0x0000000086f00000, 0x0000000086f00000|100%| O|  |TAMS 0x0000000086f00000, 0x0000000086e00000| Untracked 
| 111|0x0000000086f00000, 0x0000000087000000, 0x0000000087000000|100%| O|  |TAMS 0x0000000087000000, 0x0000000086f00000| Untracked 
| 112|0x0000000087000000, 0x0000000087100000, 0x0000000087100000|100%| O|  |TAMS 0x0000000087100000, 0x0000000087000000| Untracked 
| 113|0x0000000087100000, 0x0000000087200000, 0x0000000087200000|100%|HS|  |TAMS 0x0000000087200000, 0x0000000087100000| Complete 
| 114|0x0000000087200000, 0x0000000087300000, 0x0000000087300000|100%|HS|  |TAMS 0x0000000087300000, 0x0000000087200000| Complete 
| 115|0x0000000087300000, 0x0000000087400000, 0x0000000087400000|100%| O|  |TAMS 0x0000000087400000, 0x0000000087300000| Untracked 
| 116|0x0000000087400000, 0x0000000087500000, 0x0000000087500000|100%| O|  |TAMS 0x0000000087500000, 0x0000000087400000| Untracked 
| 117|0x0000000087500000, 0x0000000087600000, 0x0000000087600000|100%| O|  |TAMS 0x0000000087600000, 0x0000000087500000| Complete 
| 118|0x0000000087600000, 0x0000000087700000, 0x0000000087700000|100%| O|  |TAMS 0x0000000087700000, 0x0000000087600000| Complete 
| 119|0x0000000087700000, 0x0000000087800000, 0x0000000087800000|100%| O|  |TAMS 0x0000000087800000, 0x0000000087700000| Complete 
| 120|0x0000000087800000, 0x0000000087900000, 0x0000000087900000|100%| O|  |TAMS 0x0000000087900000, 0x0000000087800000| Complete 
| 121|0x0000000087900000, 0x0000000087a00000, 0x0000000087a00000|100%|HS|  |TAMS 0x0000000087900000, 0x0000000087900000| Complete 
| 122|0x0000000087a00000, 0x0000000087b00000, 0x0000000087b00000|100%|HC|  |TAMS 0x0000000087a00000, 0x0000000087a00000| Complete 
| 123|0x0000000087b00000, 0x0000000087c00000, 0x0000000087c00000|100%| O|  |TAMS 0x0000000087c00000, 0x0000000087b00000| Untracked 
| 124|0x0000000087c00000, 0x0000000087d00000, 0x0000000087d00000|100%| O|  |TAMS 0x0000000087d00000, 0x0000000087c00000| Untracked 
| 125|0x0000000087d00000, 0x0000000087e00000, 0x0000000087e00000|100%| O|  |TAMS 0x0000000087e00000, 0x0000000087d00000| Untracked 
| 126|0x0000000087e00000, 0x0000000087f00000, 0x0000000087f00000|100%| O|  |TAMS 0x0000000087f00000, 0x0000000087e00000| Untracked 
| 127|0x0000000087f00000, 0x0000000088000000, 0x0000000088000000|100%| O|  |TAMS 0x0000000088000000, 0x0000000087f00000| Complete 
| 128|0x0000000088000000, 0x0000000088100000, 0x0000000088100000|100%| O|  |TAMS 0x0000000088100000, 0x0000000088000000| Complete 
| 129|0x0000000088100000, 0x0000000088100000, 0x0000000088200000|  0%| F|  |TAMS 0x0000000088100000, 0x0000000088100000| Untracked 
| 130|0x0000000088200000, 0x0000000088300000, 0x0000000088300000|100%| O|  |TAMS 0x0000000088300000, 0x0000000088200000| Complete 
| 131|0x0000000088300000, 0x0000000088400000, 0x0000000088400000|100%| O|  |TAMS 0x0000000088400000, 0x0000000088300000| Complete 
| 132|0x0000000088400000, 0x0000000088500000, 0x0000000088500000|100%| O|  |TAMS 0x0000000088500000, 0x0000000088400000| Complete 
| 133|0x0000000088500000, 0x0000000088600000, 0x0000000088600000|100%| O|  |TAMS 0x0000000088600000, 0x0000000088500000| Complete 
| 134|0x0000000088600000, 0x0000000088700000, 0x0000000088700000|100%|HS|  |TAMS 0x0000000088600000, 0x0000000088600000| Complete 
| 135|0x0000000088700000, 0x0000000088800000, 0x0000000088800000|100%|HC|  |TAMS 0x0000000088700000, 0x0000000088700000| Complete 
| 136|0x0000000088800000, 0x0000000088900000, 0x0000000088900000|100%|HS|  |TAMS 0x0000000088800000, 0x0000000088800000| Complete 
| 137|0x0000000088900000, 0x0000000088a00000, 0x0000000088a00000|100%|HC|  |TAMS 0x0000000088900000, 0x0000000088900000| Complete 
| 138|0x0000000088a00000, 0x0000000088b00000, 0x0000000088b00000|100%| O|  |TAMS 0x0000000088b00000, 0x0000000088a00000| Complete 
| 139|0x0000000088b00000, 0x0000000088c00000, 0x0000000088c00000|100%|HS|  |TAMS 0x0000000088c00000, 0x0000000088b00000| Complete 
| 140|0x0000000088c00000, 0x0000000088d00000, 0x0000000088d00000|100%|HC|  |TAMS 0x0000000088d00000, 0x0000000088c00000| Complete 
| 141|0x0000000088d00000, 0x0000000088e00000, 0x0000000088e00000|100%|HC|  |TAMS 0x0000000088e00000, 0x0000000088d00000| Complete 
| 142|0x0000000088e00000, 0x0000000088f00000, 0x0000000088f00000|100%|HS|  |TAMS 0x0000000088f00000, 0x0000000088e00000| Complete 
| 143|0x0000000088f00000, 0x0000000089000000, 0x0000000089000000|100%|HC|  |TAMS 0x0000000089000000, 0x0000000088f00000| Complete 
| 144|0x0000000089000000, 0x0000000089100000, 0x0000000089100000|100%|HC|  |TAMS 0x0000000089100000, 0x0000000089000000| Complete 
| 145|0x0000000089100000, 0x0000000089200000, 0x0000000089200000|100%| O|  |TAMS 0x0000000089200000, 0x0000000089100000| Untracked 
| 146|0x0000000089200000, 0x0000000089300000, 0x0000000089300000|100%| O|  |TAMS 0x0000000089300000, 0x0000000089200000| Untracked 
| 147|0x0000000089300000, 0x0000000089400000, 0x0000000089400000|100%| O|  |TAMS 0x0000000089400000, 0x0000000089300000| Untracked 
| 148|0x0000000089400000, 0x0000000089500000, 0x0000000089500000|100%| O|  |TAMS 0x0000000089500000, 0x0000000089400000| Untracked 
| 149|0x0000000089500000, 0x0000000089600000, 0x0000000089600000|100%| O|  |TAMS 0x0000000089600000, 0x0000000089500000| Untracked 
| 150|0x0000000089600000, 0x0000000089700000, 0x0000000089700000|100%| O|  |TAMS 0x0000000089700000, 0x0000000089600000| Untracked 
| 151|0x0000000089700000, 0x0000000089800000, 0x0000000089800000|100%|HS|  |TAMS 0x0000000089800000, 0x0000000089700000| Complete 
| 152|0x0000000089800000, 0x0000000089900000, 0x0000000089900000|100%|HC|  |TAMS 0x0000000089900000, 0x0000000089800000| Complete 
| 153|0x0000000089900000, 0x0000000089a00000, 0x0000000089a00000|100%|HS|  |TAMS 0x0000000089a00000, 0x0000000089900000| Complete 
| 154|0x0000000089a00000, 0x0000000089b00000, 0x0000000089b00000|100%|HC|  |TAMS 0x0000000089b00000, 0x0000000089a00000| Complete 
| 155|0x0000000089b00000, 0x0000000089c00000, 0x0000000089c00000|100%|HC|  |TAMS 0x0000000089c00000, 0x0000000089b00000| Complete 
| 156|0x0000000089c00000, 0x0000000089d00000, 0x0000000089d00000|100%| O|  |TAMS 0x0000000089d00000, 0x0000000089c00000| Untracked 
| 157|0x0000000089d00000, 0x0000000089e00000, 0x0000000089e00000|100%| O|  |TAMS 0x0000000089e00000, 0x0000000089d00000| Untracked 
| 158|0x0000000089e00000, 0x0000000089f00000, 0x0000000089f00000|100%| O|  |TAMS 0x0000000089f00000, 0x0000000089e00000| Untracked 
| 159|0x0000000089f00000, 0x000000008a000000, 0x000000008a000000|100%| O|  |TAMS 0x000000008a000000, 0x0000000089f00000| Untracked 
| 160|0x000000008a000000, 0x000000008a100000, 0x000000008a100000|100%| O|  |TAMS 0x000000008a100000, 0x000000008a000000| Untracked 
| 161|0x000000008a100000, 0x000000008a200000, 0x000000008a200000|100%| O|  |TAMS 0x000000008a200000, 0x000000008a100000| Untracked 
| 162|0x000000008a200000, 0x000000008a300000, 0x000000008a300000|100%| O|  |TAMS 0x000000008a300000, 0x000000008a200000| Untracked 
| 163|0x000000008a300000, 0x000000008a400000, 0x000000008a400000|100%| O|  |TAMS 0x000000008a400000, 0x000000008a300000| Untracked 
| 164|0x000000008a400000, 0x000000008a500000, 0x000000008a500000|100%| O|  |TAMS 0x000000008a500000, 0x000000008a400000| Untracked 
| 165|0x000000008a500000, 0x000000008a600000, 0x000000008a600000|100%| O|  |TAMS 0x000000008a600000, 0x000000008a500000| Untracked 
| 166|0x000000008a600000, 0x000000008a700000, 0x000000008a700000|100%| O|  |TAMS 0x000000008a700000, 0x000000008a600000| Untracked 
| 167|0x000000008a700000, 0x000000008a800000, 0x000000008a800000|100%| O|  |TAMS 0x000000008a800000, 0x000000008a700000| Untracked 
| 168|0x000000008a800000, 0x000000008a900000, 0x000000008a900000|100%| O|  |TAMS 0x000000008a900000, 0x000000008a800000| Untracked 
| 169|0x000000008a900000, 0x000000008aa00000, 0x000000008aa00000|100%| O|  |TAMS 0x000000008aa00000, 0x000000008a900000| Untracked 
| 170|0x000000008aa00000, 0x000000008ab00000, 0x000000008ab00000|100%| O|  |TAMS 0x000000008ab00000, 0x000000008aa00000| Untracked 
| 171|0x000000008ab00000, 0x000000008ac00000, 0x000000008ac00000|100%| O|  |TAMS 0x000000008ac00000, 0x000000008ab00000| Untracked 
| 172|0x000000008ac00000, 0x000000008ad00000, 0x000000008ad00000|100%| O|  |TAMS 0x000000008ad00000, 0x000000008ac00000| Untracked 
| 173|0x000000008ad00000, 0x000000008ae00000, 0x000000008ae00000|100%| O|  |TAMS 0x000000008ae00000, 0x000000008ad00000| Untracked 
| 174|0x000000008ae00000, 0x000000008af00000, 0x000000008af00000|100%| O|  |TAMS 0x000000008af00000, 0x000000008ae00000| Untracked 
| 175|0x000000008af00000, 0x000000008b000000, 0x000000008b000000|100%| O|  |TAMS 0x000000008b000000, 0x000000008af00000| Untracked 
| 176|0x000000008b000000, 0x000000008b100000, 0x000000008b100000|100%| O|  |TAMS 0x000000008b100000, 0x000000008b000000| Untracked 
| 177|0x000000008b100000, 0x000000008b200000, 0x000000008b200000|100%| O|  |TAMS 0x000000008b200000, 0x000000008b100000| Untracked 
| 178|0x000000008b200000, 0x000000008b300000, 0x000000008b300000|100%| O|  |TAMS 0x000000008b300000, 0x000000008b200000| Untracked 
| 179|0x000000008b300000, 0x000000008b400000, 0x000000008b400000|100%| O|  |TAMS 0x000000008b400000, 0x000000008b300000| Untracked 
| 180|0x000000008b400000, 0x000000008b500000, 0x000000008b500000|100%| O|  |TAMS 0x000000008b500000, 0x000000008b400000| Untracked 
| 181|0x000000008b500000, 0x000000008b600000, 0x000000008b600000|100%| O|  |TAMS 0x000000008b600000, 0x000000008b500000| Untracked 
| 182|0x000000008b600000, 0x000000008b700000, 0x000000008b700000|100%| O|  |TAMS 0x000000008b600000, 0x000000008b600000| Untracked 
| 183|0x000000008b700000, 0x000000008b800000, 0x000000008b800000|100%| O|  |TAMS 0x000000008b700000, 0x000000008b700000| Untracked 
| 184|0x000000008b800000, 0x000000008b900000, 0x000000008b900000|100%| O|  |TAMS 0x000000008b800000, 0x000000008b800000| Untracked 
| 185|0x000000008b900000, 0x000000008ba00000, 0x000000008ba00000|100%|HS|  |TAMS 0x000000008ba00000, 0x000000008b900000| Complete 
| 186|0x000000008ba00000, 0x000000008bb00000, 0x000000008bb00000|100%|HC|  |TAMS 0x000000008bb00000, 0x000000008ba00000| Complete 
| 187|0x000000008bb00000, 0x000000008bc00000, 0x000000008bc00000|100%|HS|  |TAMS 0x000000008bc00000, 0x000000008bb00000| Complete 
| 188|0x000000008bc00000, 0x000000008bd00000, 0x000000008bd00000|100%|HC|  |TAMS 0x000000008bd00000, 0x000000008bc00000| Complete 
| 189|0x000000008bd00000, 0x000000008be00000, 0x000000008be00000|100%|HC|  |TAMS 0x000000008be00000, 0x000000008bd00000| Complete 
| 190|0x000000008be00000, 0x000000008bf00000, 0x000000008bf00000|100%|HC|  |TAMS 0x000000008bf00000, 0x000000008be00000| Complete 
| 191|0x000000008bf00000, 0x000000008c000000, 0x000000008c000000|100%| O|  |TAMS 0x000000008c000000, 0x000000008bf00000| Untracked 
| 192|0x000000008c000000, 0x000000008c100000, 0x000000008c100000|100%| O|  |TAMS 0x000000008c100000, 0x000000008c000000| Untracked 
| 193|0x000000008c100000, 0x000000008c200000, 0x000000008c200000|100%| O|  |TAMS 0x000000008c200000, 0x000000008c100000| Untracked 
| 194|0x000000008c200000, 0x000000008c300000, 0x000000008c300000|100%| O|  |TAMS 0x000000008c300000, 0x000000008c200000| Untracked 
| 195|0x000000008c300000, 0x000000008c400000, 0x000000008c400000|100%| O|  |TAMS 0x000000008c400000, 0x000000008c300000| Untracked 
| 196|0x000000008c400000, 0x000000008c500000, 0x000000008c500000|100%| O|  |TAMS 0x000000008c500000, 0x000000008c400000| Untracked 
| 197|0x000000008c500000, 0x000000008c600000, 0x000000008c600000|100%| O|  |TAMS 0x000000008c600000, 0x000000008c500000| Untracked 
| 198|0x000000008c600000, 0x000000008c700000, 0x000000008c700000|100%| O|  |TAMS 0x000000008c700000, 0x000000008c600000| Untracked 
| 199|0x000000008c700000, 0x000000008c800000, 0x000000008c800000|100%| O|  |TAMS 0x000000008c700000, 0x000000008c700000| Untracked 
| 200|0x000000008c800000, 0x000000008c900000, 0x000000008c900000|100%|HS|  |TAMS 0x000000008c900000, 0x000000008c800000| Complete 
| 201|0x000000008c900000, 0x000000008ca00000, 0x000000008ca00000|100%|HS|  |TAMS 0x000000008ca00000, 0x000000008c900000| Complete 
| 202|0x000000008ca00000, 0x000000008cb00000, 0x000000008cb00000|100%|HC|  |TAMS 0x000000008cb00000, 0x000000008ca00000| Complete 
| 203|0x000000008cb00000, 0x000000008cc00000, 0x000000008cc00000|100%| O|  |TAMS 0x000000008cc00000, 0x000000008cb00000| Untracked 
| 204|0x000000008cc00000, 0x000000008cd00000, 0x000000008cd00000|100%| O|  |TAMS 0x000000008cd00000, 0x000000008cc00000| Untracked 
| 205|0x000000008cd00000, 0x000000008ce00000, 0x000000008ce00000|100%| O|  |TAMS 0x000000008ce00000, 0x000000008cd00000| Untracked 
| 206|0x000000008ce00000, 0x000000008cf00000, 0x000000008cf00000|100%| O|  |TAMS 0x000000008cf00000, 0x000000008ce00000| Untracked 
| 207|0x000000008cf00000, 0x000000008d000000, 0x000000008d000000|100%| O|  |TAMS 0x000000008d000000, 0x000000008cf00000| Untracked 
| 208|0x000000008d000000, 0x000000008d100000, 0x000000008d100000|100%| O|  |TAMS 0x000000008d100000, 0x000000008d000000| Untracked 
| 209|0x000000008d100000, 0x000000008d200000, 0x000000008d200000|100%| O|  |TAMS 0x000000008d200000, 0x000000008d100000| Untracked 
| 210|0x000000008d200000, 0x000000008d300000, 0x000000008d300000|100%| O|  |TAMS 0x000000008d300000, 0x000000008d200000| Untracked 
| 211|0x000000008d300000, 0x000000008d400000, 0x000000008d400000|100%| O|  |TAMS 0x000000008d400000, 0x000000008d300000| Untracked 
| 212|0x000000008d400000, 0x000000008d500000, 0x000000008d500000|100%| O|  |TAMS 0x000000008d500000, 0x000000008d400000| Untracked 
| 213|0x000000008d500000, 0x000000008d600000, 0x000000008d600000|100%| O|  |TAMS 0x000000008d600000, 0x000000008d500000| Untracked 
| 214|0x000000008d600000, 0x000000008d700000, 0x000000008d700000|100%| O|  |TAMS 0x000000008d700000, 0x000000008d600000| Untracked 
| 215|0x000000008d700000, 0x000000008d800000, 0x000000008d800000|100%| O|  |TAMS 0x000000008d800000, 0x000000008d700000| Untracked 
| 216|0x000000008d800000, 0x000000008d900000, 0x000000008d900000|100%| O|  |TAMS 0x000000008d900000, 0x000000008d800000| Untracked 
| 217|0x000000008d900000, 0x000000008da00000, 0x000000008da00000|100%| O|  |TAMS 0x000000008da00000, 0x000000008d900000| Untracked 
| 218|0x000000008da00000, 0x000000008db00000, 0x000000008db00000|100%| O|  |TAMS 0x000000008db00000, 0x000000008da00000| Untracked 
| 219|0x000000008db00000, 0x000000008dc00000, 0x000000008dc00000|100%| O|  |TAMS 0x000000008dc00000, 0x000000008db00000| Untracked 
| 220|0x000000008dc00000, 0x000000008dd00000, 0x000000008dd00000|100%| O|  |TAMS 0x000000008dd00000, 0x000000008dc00000| Untracked 
| 221|0x000000008dd00000, 0x000000008de00000, 0x000000008de00000|100%| O|  |TAMS 0x000000008de00000, 0x000000008dd00000| Untracked 
| 222|0x000000008de00000, 0x000000008df00000, 0x000000008df00000|100%| O|  |TAMS 0x000000008df00000, 0x000000008de00000| Untracked 
| 223|0x000000008df00000, 0x000000008e000000, 0x000000008e000000|100%| O|  |TAMS 0x000000008e000000, 0x000000008df00000| Untracked 
| 224|0x000000008e000000, 0x000000008e100000, 0x000000008e100000|100%| O|  |TAMS 0x000000008e000000, 0x000000008e000000| Untracked 
| 225|0x000000008e100000, 0x000000008e200000, 0x000000008e200000|100%| O|  |TAMS 0x000000008e200000, 0x000000008e100000| Untracked 
| 226|0x000000008e200000, 0x000000008e300000, 0x000000008e300000|100%| O|  |TAMS 0x000000008e300000, 0x000000008e200000| Untracked 
| 227|0x000000008e300000, 0x000000008e400000, 0x000000008e400000|100%| O|  |TAMS 0x000000008e400000, 0x000000008e300000| Untracked 
| 228|0x000000008e400000, 0x000000008e500000, 0x000000008e500000|100%| O|  |TAMS 0x000000008e500000, 0x000000008e400000| Untracked 
| 229|0x000000008e500000, 0x000000008e600000, 0x000000008e600000|100%| O|  |TAMS 0x000000008e600000, 0x000000008e500000| Untracked 
| 230|0x000000008e600000, 0x000000008e700000, 0x000000008e700000|100%| O|  |TAMS 0x000000008e600000, 0x000000008e600000| Untracked 
| 231|0x000000008e700000, 0x000000008e800000, 0x000000008e800000|100%| O|  |TAMS 0x000000008e800000, 0x000000008e700000| Untracked 
| 232|0x000000008e800000, 0x000000008e900000, 0x000000008e900000|100%| O|  |TAMS 0x000000008e900000, 0x000000008e800000| Untracked 
| 233|0x000000008e900000, 0x000000008ea00000, 0x000000008ea00000|100%| O|  |TAMS 0x000000008ea00000, 0x000000008e900000| Untracked 
| 234|0x000000008ea00000, 0x000000008eb00000, 0x000000008eb00000|100%| O|  |TAMS 0x000000008eb00000, 0x000000008ea00000| Untracked 
| 235|0x000000008eb00000, 0x000000008ec00000, 0x000000008ec00000|100%| O|  |TAMS 0x000000008ec00000, 0x000000008eb00000| Untracked 
| 236|0x000000008ec00000, 0x000000008ed00000, 0x000000008ed00000|100%| O|  |TAMS 0x000000008ed00000, 0x000000008ec00000| Untracked 
| 237|0x000000008ed00000, 0x000000008ee00000, 0x000000008ee00000|100%|HS|  |TAMS 0x000000008ee00000, 0x000000008ed00000| Complete 
| 238|0x000000008ee00000, 0x000000008ef00000, 0x000000008ef00000|100%|HC|  |TAMS 0x000000008ef00000, 0x000000008ee00000| Complete 
| 239|0x000000008ef00000, 0x000000008f000000, 0x000000008f000000|100%|HC|  |TAMS 0x000000008f000000, 0x000000008ef00000| Complete 
| 240|0x000000008f000000, 0x000000008f100000, 0x000000008f100000|100%|HC|  |TAMS 0x000000008f100000, 0x000000008f000000| Complete 
| 241|0x000000008f100000, 0x000000008f200000, 0x000000008f200000|100%| O|  |TAMS 0x000000008f200000, 0x000000008f100000| Untracked 
| 242|0x000000008f200000, 0x000000008f300000, 0x000000008f300000|100%| O|  |TAMS 0x000000008f300000, 0x000000008f200000| Untracked 
| 243|0x000000008f300000, 0x000000008f400000, 0x000000008f400000|100%| O|  |TAMS 0x000000008f400000, 0x000000008f300000| Untracked 
| 244|0x000000008f400000, 0x000000008f500000, 0x000000008f500000|100%| O|  |TAMS 0x000000008f500000, 0x000000008f400000| Untracked 
| 245|0x000000008f500000, 0x000000008f600000, 0x000000008f600000|100%| O|  |TAMS 0x000000008f600000, 0x000000008f500000| Untracked 
| 246|0x000000008f600000, 0x000000008f700000, 0x000000008f700000|100%| O|  |TAMS 0x000000008f700000, 0x000000008f600000| Untracked 
| 247|0x000000008f700000, 0x000000008f800000, 0x000000008f800000|100%| O|  |TAMS 0x000000008f800000, 0x000000008f700000| Untracked 
| 248|0x000000008f800000, 0x000000008f900000, 0x000000008f900000|100%| O|  |TAMS 0x000000008f900000, 0x000000008f800000| Untracked 
| 249|0x000000008f900000, 0x000000008fa00000, 0x000000008fa00000|100%| O|  |TAMS 0x000000008fa00000, 0x000000008f900000| Untracked 
| 250|0x000000008fa00000, 0x000000008fb00000, 0x000000008fb00000|100%| O|  |TAMS 0x000000008fb00000, 0x000000008fa00000| Untracked 
| 251|0x000000008fb00000, 0x000000008fc00000, 0x000000008fc00000|100%| O|  |TAMS 0x000000008fc00000, 0x000000008fb00000| Untracked 
| 252|0x000000008fc00000, 0x000000008fd00000, 0x000000008fd00000|100%| O|  |TAMS 0x000000008fd00000, 0x000000008fc00000| Untracked 
| 253|0x000000008fd00000, 0x000000008fe00000, 0x000000008fe00000|100%| O|  |TAMS 0x000000008fe00000, 0x000000008fd00000| Untracked 
| 254|0x000000008fe00000, 0x000000008ff00000, 0x000000008ff00000|100%| O|  |TAMS 0x000000008ff00000, 0x000000008fe00000| Untracked 
| 255|0x000000008ff00000, 0x0000000090000000, 0x0000000090000000|100%| O|  |TAMS 0x0000000090000000, 0x000000008ff00000| Untracked 
| 256|0x0000000090000000, 0x0000000090100000, 0x0000000090100000|100%| O|  |TAMS 0x0000000090100000, 0x0000000090000000| Untracked 
| 257|0x0000000090100000, 0x0000000090200000, 0x0000000090200000|100%| O|  |TAMS 0x0000000090100000, 0x0000000090100000| Untracked 
| 258|0x0000000090200000, 0x0000000090300000, 0x0000000090300000|100%| O|  |TAMS 0x0000000090300000, 0x0000000090200000| Untracked 
| 259|0x0000000090300000, 0x0000000090400000, 0x0000000090400000|100%| O|  |TAMS 0x0000000090400000, 0x0000000090300000| Untracked 
| 260|0x0000000090400000, 0x0000000090500000, 0x0000000090500000|100%| O|  |TAMS 0x0000000090500000, 0x0000000090400000| Untracked 
| 261|0x0000000090500000, 0x0000000090600000, 0x0000000090600000|100%| O|  |TAMS 0x0000000090600000, 0x0000000090500000| Untracked 
| 262|0x0000000090600000, 0x0000000090700000, 0x0000000090700000|100%| O|  |TAMS 0x0000000090700000, 0x0000000090600000| Untracked 
| 263|0x0000000090700000, 0x0000000090800000, 0x0000000090800000|100%| O|  |TAMS 0x0000000090800000, 0x0000000090700000| Untracked 
| 264|0x0000000090800000, 0x0000000090900000, 0x0000000090900000|100%| O|  |TAMS 0x0000000090900000, 0x0000000090800000| Untracked 
| 265|0x0000000090900000, 0x0000000090a00000, 0x0000000090a00000|100%| O|  |TAMS 0x0000000090a00000, 0x0000000090900000| Untracked 
| 266|0x0000000090a00000, 0x0000000090b00000, 0x0000000090b00000|100%| O|  |TAMS 0x0000000090b00000, 0x0000000090a00000| Untracked 
| 267|0x0000000090b00000, 0x0000000090c00000, 0x0000000090c00000|100%| O|  |TAMS 0x0000000090c00000, 0x0000000090b00000| Untracked 
| 268|0x0000000090c00000, 0x0000000090d00000, 0x0000000090d00000|100%| O|  |TAMS 0x0000000090d00000, 0x0000000090c00000| Untracked 
| 269|0x0000000090d00000, 0x0000000090e00000, 0x0000000090e00000|100%| O|  |TAMS 0x0000000090e00000, 0x0000000090d00000| Untracked 
| 270|0x0000000090e00000, 0x0000000090f00000, 0x0000000090f00000|100%| O|  |TAMS 0x0000000090e00000, 0x0000000090e00000| Untracked 
| 271|0x0000000090f00000, 0x0000000091000000, 0x0000000091000000|100%| O|  |TAMS 0x0000000091000000, 0x0000000090f00000| Untracked 
| 272|0x0000000091000000, 0x0000000091100000, 0x0000000091100000|100%| O|  |TAMS 0x0000000091100000, 0x0000000091000000| Untracked 
| 273|0x0000000091100000, 0x0000000091200000, 0x0000000091200000|100%| O|  |TAMS 0x0000000091200000, 0x0000000091100000| Untracked 
| 274|0x0000000091200000, 0x0000000091300000, 0x0000000091300000|100%|HS|  |TAMS 0x0000000091300000, 0x0000000091200000| Complete 
| 275|0x0000000091300000, 0x0000000091400000, 0x0000000091400000|100%|HC|  |TAMS 0x0000000091400000, 0x0000000091300000| Complete 
| 276|0x0000000091400000, 0x0000000091500000, 0x0000000091500000|100%|HC|  |TAMS 0x0000000091500000, 0x0000000091400000| Complete 
| 277|0x0000000091500000, 0x0000000091600000, 0x0000000091600000|100%|HS|  |TAMS 0x0000000091600000, 0x0000000091500000| Complete 
| 278|0x0000000091600000, 0x0000000091700000, 0x0000000091700000|100%|HC|  |TAMS 0x0000000091700000, 0x0000000091600000| Complete 
| 279|0x0000000091700000, 0x0000000091800000, 0x0000000091800000|100%|HC|  |TAMS 0x0000000091800000, 0x0000000091700000| Complete 
| 280|0x0000000091800000, 0x0000000091900000, 0x0000000091900000|100%| O|  |TAMS 0x0000000091900000, 0x0000000091800000| Untracked 
| 281|0x0000000091900000, 0x0000000091a00000, 0x0000000091a00000|100%| O|  |TAMS 0x0000000091a00000, 0x0000000091900000| Untracked 
| 282|0x0000000091a00000, 0x0000000091b00000, 0x0000000091b00000|100%| O|  |TAMS 0x0000000091b00000, 0x0000000091a00000| Untracked 
| 283|0x0000000091b00000, 0x0000000091c00000, 0x0000000091c00000|100%| O|  |TAMS 0x0000000091c00000, 0x0000000091b00000| Untracked 
| 284|0x0000000091c00000, 0x0000000091d00000, 0x0000000091d00000|100%| O|  |TAMS 0x0000000091d00000, 0x0000000091c00000| Untracked 
| 285|0x0000000091d00000, 0x0000000091e00000, 0x0000000091e00000|100%| O|  |TAMS 0x0000000091e00000, 0x0000000091d00000| Untracked 
| 286|0x0000000091e00000, 0x0000000091f00000, 0x0000000091f00000|100%| O|  |TAMS 0x0000000091f00000, 0x0000000091e00000| Untracked 
| 287|0x0000000091f00000, 0x0000000092000000, 0x0000000092000000|100%| O|  |TAMS 0x0000000092000000, 0x0000000091f00000| Untracked 
| 288|0x0000000092000000, 0x0000000092100000, 0x0000000092100000|100%| O|  |TAMS 0x0000000092100000, 0x0000000092000000| Untracked 
| 289|0x0000000092100000, 0x0000000092200000, 0x0000000092200000|100%| O|  |TAMS 0x0000000092200000, 0x0000000092100000| Untracked 
| 290|0x0000000092200000, 0x0000000092300000, 0x0000000092300000|100%| O|  |TAMS 0x0000000092300000, 0x0000000092200000| Untracked 
| 291|0x0000000092300000, 0x0000000092400000, 0x0000000092400000|100%| O|  |TAMS 0x0000000092400000, 0x0000000092300000| Untracked 
| 292|0x0000000092400000, 0x0000000092500000, 0x0000000092500000|100%| O|  |TAMS 0x0000000092500000, 0x0000000092400000| Untracked 
| 293|0x0000000092500000, 0x0000000092600000, 0x0000000092600000|100%| O|  |TAMS 0x0000000092600000, 0x0000000092500000| Untracked 
| 294|0x0000000092600000, 0x0000000092700000, 0x0000000092700000|100%| O|  |TAMS 0x0000000092700000, 0x0000000092600000| Untracked 
| 295|0x0000000092700000, 0x0000000092800000, 0x0000000092800000|100%| O|  |TAMS 0x0000000092800000, 0x0000000092700000| Untracked 
| 296|0x0000000092800000, 0x0000000092900000, 0x0000000092900000|100%| O|  |TAMS 0x0000000092900000, 0x0000000092800000| Untracked 
| 297|0x0000000092900000, 0x0000000092a00000, 0x0000000092a00000|100%| O|  |TAMS 0x0000000092a00000, 0x0000000092900000| Untracked 
| 298|0x0000000092a00000, 0x0000000092b00000, 0x0000000092b00000|100%| O|  |TAMS 0x0000000092b00000, 0x0000000092a00000| Untracked 
| 299|0x0000000092b00000, 0x0000000092c00000, 0x0000000092c00000|100%| O|  |TAMS 0x0000000092c00000, 0x0000000092b00000| Untracked 
| 300|0x0000000092c00000, 0x0000000092d00000, 0x0000000092d00000|100%| O|  |TAMS 0x0000000092d00000, 0x0000000092c00000| Untracked 
| 301|0x0000000092d00000, 0x0000000092e00000, 0x0000000092e00000|100%| O|  |TAMS 0x0000000092e00000, 0x0000000092d00000| Untracked 
| 302|0x0000000092e00000, 0x0000000092f00000, 0x0000000092f00000|100%| O|  |TAMS 0x0000000092f00000, 0x0000000092e00000| Untracked 
| 303|0x0000000092f00000, 0x0000000093000000, 0x0000000093000000|100%| O|  |TAMS 0x0000000093000000, 0x0000000092f00000| Untracked 
| 304|0x0000000093000000, 0x0000000093100000, 0x0000000093100000|100%| O|  |TAMS 0x0000000093100000, 0x0000000093000000| Untracked 
| 305|0x0000000093100000, 0x0000000093200000, 0x0000000093200000|100%| O|  |TAMS 0x0000000093200000, 0x0000000093100000| Untracked 
| 306|0x0000000093200000, 0x0000000093300000, 0x0000000093300000|100%| O|  |TAMS 0x0000000093300000, 0x0000000093200000| Untracked 
| 307|0x0000000093300000, 0x0000000093400000, 0x0000000093400000|100%| O|  |TAMS 0x0000000093400000, 0x0000000093300000| Untracked 
| 308|0x0000000093400000, 0x0000000093500000, 0x0000000093500000|100%| O|  |TAMS 0x0000000093500000, 0x0000000093400000| Untracked 
| 309|0x0000000093500000, 0x0000000093600000, 0x0000000093600000|100%| O|  |TAMS 0x0000000093600000, 0x0000000093500000| Untracked 
| 310|0x0000000093600000, 0x0000000093700000, 0x0000000093700000|100%| O|  |TAMS 0x0000000093700000, 0x0000000093600000| Untracked 
| 311|0x0000000093700000, 0x0000000093800000, 0x0000000093800000|100%| O|  |TAMS 0x0000000093800000, 0x0000000093700000| Untracked 
| 312|0x0000000093800000, 0x0000000093900000, 0x0000000093900000|100%| O|  |TAMS 0x0000000093900000, 0x0000000093800000| Untracked 
| 313|0x0000000093900000, 0x0000000093a00000, 0x0000000093a00000|100%| O|  |TAMS 0x0000000093991400, 0x0000000093900000| Untracked 
| 314|0x0000000093a00000, 0x0000000093a25c00, 0x0000000093b00000| 14%| O|  |TAMS 0x0000000093a00000, 0x0000000093a00000| Untracked 
| 315|0x0000000093b00000, 0x0000000093c00000, 0x0000000093c00000|100%|HS|  |TAMS 0x0000000093b00000, 0x0000000093b00000| Complete 
| 316|0x0000000093c00000, 0x0000000093d00000, 0x0000000093d00000|100%|HS|  |TAMS 0x0000000093c00000, 0x0000000093c00000| Complete 
| 317|0x0000000093d00000, 0x0000000093e00000, 0x0000000093e00000|100%|HC|  |TAMS 0x0000000093d00000, 0x0000000093d00000| Complete 
| 318|0x0000000093e00000, 0x0000000093f00000, 0x0000000093f00000|100%|HS|  |TAMS 0x0000000093e00000, 0x0000000093e00000| Complete 
| 319|0x0000000093f00000, 0x0000000094000000, 0x0000000094000000|100%|HS|  |TAMS 0x0000000093f00000, 0x0000000093f00000| Complete 
| 320|0x0000000094000000, 0x0000000094100000, 0x0000000094100000|100%|HS|  |TAMS 0x0000000094000000, 0x0000000094000000| Complete 
| 321|0x0000000094100000, 0x0000000094200000, 0x0000000094200000|100%|HC|  |TAMS 0x0000000094100000, 0x0000000094100000| Complete 
| 322|0x0000000094200000, 0x0000000094300000, 0x0000000094300000|100%|HS|  |TAMS 0x0000000094200000, 0x0000000094200000| Complete 
| 323|0x0000000094300000, 0x0000000094400000, 0x0000000094400000|100%|HC|  |TAMS 0x0000000094300000, 0x0000000094300000| Complete 
| 324|0x0000000094400000, 0x0000000094500000, 0x0000000094500000|100%|HS|  |TAMS 0x0000000094400000, 0x0000000094400000| Complete 
| 325|0x0000000094500000, 0x0000000094600000, 0x0000000094600000|100%|HC|  |TAMS 0x0000000094500000, 0x0000000094500000| Complete 
| 326|0x0000000094600000, 0x0000000094700000, 0x0000000094700000|100%|HC|  |TAMS 0x0000000094600000, 0x0000000094600000| Complete 
| 327|0x0000000094700000, 0x0000000094800000, 0x0000000094800000|100%|HC|  |TAMS 0x0000000094700000, 0x0000000094700000| Complete 
| 328|0x0000000094800000, 0x0000000094900000, 0x0000000094900000|100%|HS|  |TAMS 0x0000000094800000, 0x0000000094800000| Complete 
| 329|0x0000000094900000, 0x0000000094a00000, 0x0000000094a00000|100%|HC|  |TAMS 0x0000000094900000, 0x0000000094900000| Complete 
| 330|0x0000000094a00000, 0x0000000094b00000, 0x0000000094b00000|100%|HS|  |TAMS 0x0000000094a00000, 0x0000000094a00000| Complete 
| 331|0x0000000094b00000, 0x0000000094c00000, 0x0000000094c00000|100%|HC|  |TAMS 0x0000000094b00000, 0x0000000094b00000| Complete 
| 332|0x0000000094c00000, 0x0000000094d00000, 0x0000000094d00000|100%|HC|  |TAMS 0x0000000094c00000, 0x0000000094c00000| Complete 
| 333|0x0000000094d00000, 0x0000000094e00000, 0x0000000094e00000|100%|HC|  |TAMS 0x0000000094d00000, 0x0000000094d00000| Complete 
| 334|0x0000000094e00000, 0x0000000094f00000, 0x0000000094f00000|100%|HS|  |TAMS 0x0000000094e00000, 0x0000000094e00000| Complete 
| 335|0x0000000094f00000, 0x0000000095000000, 0x0000000095000000|100%|HC|  |TAMS 0x0000000094f00000, 0x0000000094f00000| Complete 
| 336|0x0000000095000000, 0x0000000095100000, 0x0000000095100000|100%|HC|  |TAMS 0x0000000095000000, 0x0000000095000000| Complete 
| 337|0x0000000095100000, 0x0000000095200000, 0x0000000095200000|100%|HC|  |TAMS 0x0000000095100000, 0x0000000095100000| Complete 
| 338|0x0000000095200000, 0x0000000095200000, 0x0000000095300000|  0%| F|  |TAMS 0x0000000095200000, 0x0000000095200000| Untracked 
| 339|0x0000000095300000, 0x0000000095300000, 0x0000000095400000|  0%| F|  |TAMS 0x0000000095300000, 0x0000000095300000| Untracked 
| 340|0x0000000095400000, 0x0000000095400000, 0x0000000095500000|  0%| F|  |TAMS 0x0000000095400000, 0x0000000095400000| Untracked 
| 341|0x0000000095500000, 0x0000000095500000, 0x0000000095600000|  0%| F|  |TAMS 0x0000000095500000, 0x0000000095500000| Untracked 
| 342|0x0000000095600000, 0x0000000095600000, 0x0000000095700000|  0%| F|  |TAMS 0x0000000095600000, 0x0000000095600000| Untracked 
| 343|0x0000000095700000, 0x0000000095700000, 0x0000000095800000|  0%| F|  |TAMS 0x0000000095700000, 0x0000000095700000| Untracked 
| 344|0x0000000095800000, 0x0000000095800000, 0x0000000095900000|  0%| F|  |TAMS 0x0000000095800000, 0x0000000095800000| Untracked 
| 345|0x0000000095900000, 0x0000000095900000, 0x0000000095a00000|  0%| F|  |TAMS 0x0000000095900000, 0x0000000095900000| Untracked 
| 346|0x0000000095a00000, 0x0000000095a00000, 0x0000000095b00000|  0%| F|  |TAMS 0x0000000095a00000, 0x0000000095a00000| Untracked 
| 347|0x0000000095b00000, 0x0000000095b00000, 0x0000000095c00000|  0%| F|  |TAMS 0x0000000095b00000, 0x0000000095b00000| Untracked 
| 348|0x0000000095c00000, 0x0000000095c00000, 0x0000000095d00000|  0%| F|  |TAMS 0x0000000095c00000, 0x0000000095c00000| Untracked 
| 349|0x0000000095d00000, 0x0000000095d00000, 0x0000000095e00000|  0%| F|  |TAMS 0x0000000095d00000, 0x0000000095d00000| Untracked 
| 350|0x0000000095e00000, 0x0000000095e00000, 0x0000000095f00000|  0%| F|  |TAMS 0x0000000095e00000, 0x0000000095e00000| Untracked 
| 351|0x0000000095f00000, 0x0000000095f00000, 0x0000000096000000|  0%| F|  |TAMS 0x0000000095f00000, 0x0000000095f00000| Untracked 
| 352|0x0000000096000000, 0x0000000096000000, 0x0000000096100000|  0%| F|  |TAMS 0x0000000096000000, 0x0000000096000000| Untracked 
| 353|0x0000000096100000, 0x0000000096100000, 0x0000000096200000|  0%| F|  |TAMS 0x0000000096100000, 0x0000000096100000| Untracked 
| 354|0x0000000096200000, 0x0000000096200000, 0x0000000096300000|  0%| F|  |TAMS 0x0000000096200000, 0x0000000096200000| Untracked 
| 355|0x0000000096300000, 0x0000000096300000, 0x0000000096400000|  0%| F|  |TAMS 0x0000000096300000, 0x0000000096300000| Untracked 
| 356|0x0000000096400000, 0x0000000096400000, 0x0000000096500000|  0%| F|  |TAMS 0x0000000096400000, 0x0000000096400000| Untracked 
| 357|0x0000000096500000, 0x0000000096500000, 0x0000000096600000|  0%| F|  |TAMS 0x0000000096500000, 0x0000000096500000| Untracked 
| 358|0x0000000096600000, 0x0000000096600000, 0x0000000096700000|  0%| F|  |TAMS 0x0000000096600000, 0x0000000096600000| Untracked 
| 359|0x0000000096700000, 0x0000000096700000, 0x0000000096800000|  0%| F|  |TAMS 0x0000000096700000, 0x0000000096700000| Untracked 
| 360|0x0000000096800000, 0x0000000096800000, 0x0000000096900000|  0%| F|  |TAMS 0x0000000096800000, 0x0000000096800000| Untracked 
| 361|0x0000000096900000, 0x0000000096900000, 0x0000000096a00000|  0%| F|  |TAMS 0x0000000096900000, 0x0000000096900000| Untracked 
| 362|0x0000000096a00000, 0x0000000096a00000, 0x0000000096b00000|  0%| F|  |TAMS 0x0000000096a00000, 0x0000000096a00000| Untracked 
| 363|0x0000000096b00000, 0x0000000096b00000, 0x0000000096c00000|  0%| F|  |TAMS 0x0000000096b00000, 0x0000000096b00000| Untracked 
| 364|0x0000000096c00000, 0x0000000096c00000, 0x0000000096d00000|  0%| F|  |TAMS 0x0000000096c00000, 0x0000000096c00000| Untracked 
| 365|0x0000000096d00000, 0x0000000096d00000, 0x0000000096e00000|  0%| F|  |TAMS 0x0000000096d00000, 0x0000000096d00000| Untracked 
| 366|0x0000000096e00000, 0x0000000096e00000, 0x0000000096f00000|  0%| F|  |TAMS 0x0000000096e00000, 0x0000000096e00000| Untracked 
| 367|0x0000000096f00000, 0x0000000096f00000, 0x0000000097000000|  0%| F|  |TAMS 0x0000000096f00000, 0x0000000096f00000| Untracked 
| 368|0x0000000097000000, 0x0000000097000000, 0x0000000097100000|  0%| F|  |TAMS 0x0000000097000000, 0x0000000097000000| Untracked 
| 369|0x0000000097100000, 0x0000000097100000, 0x0000000097200000|  0%| F|  |TAMS 0x0000000097100000, 0x0000000097100000| Untracked 
| 370|0x0000000097200000, 0x0000000097200000, 0x0000000097300000|  0%| F|  |TAMS 0x0000000097200000, 0x0000000097200000| Untracked 
| 371|0x0000000097300000, 0x0000000097300000, 0x0000000097400000|  0%| F|  |TAMS 0x0000000097300000, 0x0000000097300000| Untracked 
| 372|0x0000000097400000, 0x0000000097400000, 0x0000000097500000|  0%| F|  |TAMS 0x0000000097400000, 0x0000000097400000| Untracked 
| 373|0x0000000097500000, 0x0000000097500000, 0x0000000097600000|  0%| F|  |TAMS 0x0000000097500000, 0x0000000097500000| Untracked 
| 374|0x0000000097600000, 0x0000000097600000, 0x0000000097700000|  0%| F|  |TAMS 0x0000000097600000, 0x0000000097600000| Untracked 
| 375|0x0000000097700000, 0x0000000097700000, 0x0000000097800000|  0%| F|  |TAMS 0x0000000097700000, 0x0000000097700000| Untracked 
| 376|0x0000000097800000, 0x0000000097800000, 0x0000000097900000|  0%| F|  |TAMS 0x0000000097800000, 0x0000000097800000| Untracked 
| 377|0x0000000097900000, 0x0000000097900000, 0x0000000097a00000|  0%| F|  |TAMS 0x0000000097900000, 0x0000000097900000| Untracked 
| 378|0x0000000097a00000, 0x0000000097a00000, 0x0000000097b00000|  0%| F|  |TAMS 0x0000000097a00000, 0x0000000097a00000| Untracked 
| 379|0x0000000097b00000, 0x0000000097b00000, 0x0000000097c00000|  0%| F|  |TAMS 0x0000000097b00000, 0x0000000097b00000| Untracked 
| 380|0x0000000097c00000, 0x0000000097c00000, 0x0000000097d00000|  0%| F|  |TAMS 0x0000000097c00000, 0x0000000097c00000| Untracked 
| 381|0x0000000097d00000, 0x0000000097d00000, 0x0000000097e00000|  0%| F|  |TAMS 0x0000000097d00000, 0x0000000097d00000| Untracked 
| 382|0x0000000097e00000, 0x0000000097e00000, 0x0000000097f00000|  0%| F|  |TAMS 0x0000000097e00000, 0x0000000097e00000| Untracked 
| 383|0x0000000097f00000, 0x0000000097f00000, 0x0000000098000000|  0%| F|  |TAMS 0x0000000097f00000, 0x0000000097f00000| Untracked 
| 384|0x0000000098000000, 0x0000000098000000, 0x0000000098100000|  0%| F|  |TAMS 0x0000000098000000, 0x0000000098000000| Untracked 
| 385|0x0000000098100000, 0x0000000098100000, 0x0000000098200000|  0%| F|  |TAMS 0x0000000098100000, 0x0000000098100000| Untracked 
| 386|0x0000000098200000, 0x0000000098200000, 0x0000000098300000|  0%| F|  |TAMS 0x0000000098200000, 0x0000000098200000| Untracked 
| 387|0x0000000098300000, 0x0000000098300000, 0x0000000098400000|  0%| F|  |TAMS 0x0000000098300000, 0x0000000098300000| Untracked 
| 388|0x0000000098400000, 0x0000000098400000, 0x0000000098500000|  0%| F|  |TAMS 0x0000000098400000, 0x0000000098400000| Untracked 
| 389|0x0000000098500000, 0x0000000098500000, 0x0000000098600000|  0%| F|  |TAMS 0x0000000098500000, 0x0000000098500000| Untracked 
| 390|0x0000000098600000, 0x0000000098600000, 0x0000000098700000|  0%| F|  |TAMS 0x0000000098600000, 0x0000000098600000| Untracked 
| 391|0x0000000098700000, 0x0000000098700000, 0x0000000098800000|  0%| F|  |TAMS 0x0000000098700000, 0x0000000098700000| Untracked 
| 392|0x0000000098800000, 0x0000000098800000, 0x0000000098900000|  0%| F|  |TAMS 0x0000000098800000, 0x0000000098800000| Untracked 
| 393|0x0000000098900000, 0x0000000098900000, 0x0000000098a00000|  0%| F|  |TAMS 0x0000000098900000, 0x0000000098900000| Untracked 
| 394|0x0000000098a00000, 0x0000000098a00000, 0x0000000098b00000|  0%| F|  |TAMS 0x0000000098a00000, 0x0000000098a00000| Untracked 
| 395|0x0000000098b00000, 0x0000000098b00000, 0x0000000098c00000|  0%| F|  |TAMS 0x0000000098b00000, 0x0000000098b00000| Untracked 
| 396|0x0000000098c00000, 0x0000000098c00000, 0x0000000098d00000|  0%| F|  |TAMS 0x0000000098c00000, 0x0000000098c00000| Untracked 
| 397|0x0000000098d00000, 0x0000000098d00000, 0x0000000098e00000|  0%| F|  |TAMS 0x0000000098d00000, 0x0000000098d00000| Untracked 
| 398|0x0000000098e00000, 0x0000000098e00000, 0x0000000098f00000|  0%| F|  |TAMS 0x0000000098e00000, 0x0000000098e00000| Untracked 
| 399|0x0000000098f00000, 0x0000000098f00000, 0x0000000099000000|  0%| F|  |TAMS 0x0000000098f00000, 0x0000000098f00000| Untracked 
| 400|0x0000000099000000, 0x0000000099000000, 0x0000000099100000|  0%| F|  |TAMS 0x0000000099000000, 0x0000000099000000| Untracked 
| 401|0x0000000099100000, 0x0000000099100000, 0x0000000099200000|  0%| F|  |TAMS 0x0000000099100000, 0x0000000099100000| Untracked 
| 402|0x0000000099200000, 0x0000000099200000, 0x0000000099300000|  0%| F|  |TAMS 0x0000000099200000, 0x0000000099200000| Untracked 
| 403|0x0000000099300000, 0x0000000099300000, 0x0000000099400000|  0%| F|  |TAMS 0x0000000099300000, 0x0000000099300000| Untracked 
| 404|0x0000000099400000, 0x0000000099400000, 0x0000000099500000|  0%| F|  |TAMS 0x0000000099400000, 0x0000000099400000| Untracked 
| 405|0x0000000099500000, 0x0000000099500000, 0x0000000099600000|  0%| F|  |TAMS 0x0000000099500000, 0x0000000099500000| Untracked 
| 406|0x0000000099600000, 0x0000000099600000, 0x0000000099700000|  0%| F|  |TAMS 0x0000000099600000, 0x0000000099600000| Untracked 
| 407|0x0000000099700000, 0x0000000099700000, 0x0000000099800000|  0%| F|  |TAMS 0x0000000099700000, 0x0000000099700000| Untracked 
| 408|0x0000000099800000, 0x0000000099800000, 0x0000000099900000|  0%| F|  |TAMS 0x0000000099800000, 0x0000000099800000| Untracked 
| 409|0x0000000099900000, 0x0000000099900000, 0x0000000099a00000|  0%| F|  |TAMS 0x0000000099900000, 0x0000000099900000| Untracked 
| 410|0x0000000099a00000, 0x0000000099ae9de0, 0x0000000099b00000| 91%| S|CS|TAMS 0x0000000099a00000, 0x0000000099a00000| Complete 
| 411|0x0000000099b00000, 0x0000000099c00000, 0x0000000099c00000|100%| S|CS|TAMS 0x0000000099b00000, 0x0000000099b00000| Complete 
| 412|0x0000000099c00000, 0x0000000099d00000, 0x0000000099d00000|100%| S|CS|TAMS 0x0000000099c00000, 0x0000000099c00000| Complete 
| 413|0x0000000099d00000, 0x0000000099e00000, 0x0000000099e00000|100%| S|CS|TAMS 0x0000000099d00000, 0x0000000099d00000| Complete 
| 414|0x0000000099e00000, 0x0000000099f00000, 0x0000000099f00000|100%| S|CS|TAMS 0x0000000099e00000, 0x0000000099e00000| Complete 
| 415|0x0000000099f00000, 0x000000009a000000, 0x000000009a000000|100%| S|CS|TAMS 0x0000000099f00000, 0x0000000099f00000| Complete 
| 416|0x000000009a000000, 0x000000009a100000, 0x000000009a100000|100%| S|CS|TAMS 0x000000009a000000, 0x000000009a000000| Complete 
| 417|0x000000009a100000, 0x000000009a200000, 0x000000009a200000|100%| S|CS|TAMS 0x000000009a100000, 0x000000009a100000| Complete 
| 418|0x000000009a200000, 0x000000009a300000, 0x000000009a300000|100%| S|CS|TAMS 0x000000009a200000, 0x000000009a200000| Complete 
| 419|0x000000009a300000, 0x000000009a400000, 0x000000009a400000|100%| S|CS|TAMS 0x000000009a300000, 0x000000009a300000| Complete 
| 420|0x000000009a400000, 0x000000009a500000, 0x000000009a500000|100%| S|CS|TAMS 0x000000009a400000, 0x000000009a400000| Complete 
| 421|0x000000009a500000, 0x000000009a600000, 0x000000009a600000|100%| S|CS|TAMS 0x000000009a500000, 0x000000009a500000| Complete 
| 422|0x000000009a600000, 0x000000009a700000, 0x000000009a700000|100%| S|CS|TAMS 0x000000009a600000, 0x000000009a600000| Complete 
| 423|0x000000009a700000, 0x000000009a800000, 0x000000009a800000|100%| S|CS|TAMS 0x000000009a700000, 0x000000009a700000| Complete 
| 424|0x000000009a800000, 0x000000009a800000, 0x000000009a900000|  0%| F|  |TAMS 0x000000009a800000, 0x000000009a800000| Untracked 
| 425|0x000000009a900000, 0x000000009a900000, 0x000000009aa00000|  0%| F|  |TAMS 0x000000009a900000, 0x000000009a900000| Untracked 
| 426|0x000000009aa00000, 0x000000009aa00000, 0x000000009ab00000|  0%| F|  |TAMS 0x000000009aa00000, 0x000000009aa00000| Untracked 
| 427|0x000000009ab00000, 0x000000009ab00000, 0x000000009ac00000|  0%| F|  |TAMS 0x000000009ab00000, 0x000000009ab00000| Untracked 
| 428|0x000000009ac00000, 0x000000009ac00000, 0x000000009ad00000|  0%| F|  |TAMS 0x000000009ac00000, 0x000000009ac00000| Untracked 
| 429|0x000000009ad00000, 0x000000009ad979c8, 0x000000009ae00000| 59%| E|  |TAMS 0x000000009ad00000, 0x000000009ad00000| Complete 
| 430|0x000000009ae00000, 0x000000009af00000, 0x000000009af00000|100%| E|CS|TAMS 0x000000009ae00000, 0x000000009ae00000| Complete 
| 431|0x000000009af00000, 0x000000009b000000, 0x000000009b000000|100%| E|CS|TAMS 0x000000009af00000, 0x000000009af00000| Complete 
| 432|0x000000009b000000, 0x000000009b100000, 0x000000009b100000|100%| E|CS|TAMS 0x000000009b000000, 0x000000009b000000| Complete 
| 433|0x000000009b100000, 0x000000009b200000, 0x000000009b200000|100%| E|CS|TAMS 0x000000009b100000, 0x000000009b100000| Complete 
| 434|0x000000009b200000, 0x000000009b300000, 0x000000009b300000|100%| E|CS|TAMS 0x000000009b200000, 0x000000009b200000| Complete 
| 435|0x000000009b300000, 0x000000009b400000, 0x000000009b400000|100%| E|CS|TAMS 0x000000009b300000, 0x000000009b300000| Complete 
| 436|0x000000009b400000, 0x000000009b500000, 0x000000009b500000|100%| E|CS|TAMS 0x000000009b400000, 0x000000009b400000| Complete 
| 437|0x000000009b500000, 0x000000009b600000, 0x000000009b600000|100%| E|CS|TAMS 0x000000009b500000, 0x000000009b500000| Complete 
| 438|0x000000009b600000, 0x000000009b700000, 0x000000009b700000|100%| E|CS|TAMS 0x000000009b600000, 0x000000009b600000| Complete 
| 439|0x000000009b700000, 0x000000009b800000, 0x000000009b800000|100%| E|  |TAMS 0x000000009b700000, 0x000000009b700000| Complete 
| 440|0x000000009b800000, 0x000000009b900000, 0x000000009b900000|100%| E|CS|TAMS 0x000000009b800000, 0x000000009b800000| Complete 
| 441|0x000000009b900000, 0x000000009ba00000, 0x000000009ba00000|100%| E|CS|TAMS 0x000000009b900000, 0x000000009b900000| Complete 
| 442|0x000000009ba00000, 0x000000009bb00000, 0x000000009bb00000|100%| E|CS|TAMS 0x000000009ba00000, 0x000000009ba00000| Complete 
| 443|0x000000009bb00000, 0x000000009bc00000, 0x000000009bc00000|100%| E|CS|TAMS 0x000000009bb00000, 0x000000009bb00000| Complete 
| 444|0x000000009bc00000, 0x000000009bd00000, 0x000000009bd00000|100%| E|CS|TAMS 0x000000009bc00000, 0x000000009bc00000| Complete 
| 445|0x000000009bd00000, 0x000000009be00000, 0x000000009be00000|100%| E|CS|TAMS 0x000000009bd00000, 0x000000009bd00000| Complete 
| 446|0x000000009be00000, 0x000000009bf00000, 0x000000009bf00000|100%| E|CS|TAMS 0x000000009be00000, 0x000000009be00000| Complete 
| 447|0x000000009bf00000, 0x000000009c000000, 0x000000009c000000|100%| E|CS|TAMS 0x000000009bf00000, 0x000000009bf00000| Complete 
| 448|0x000000009c000000, 0x000000009c100000, 0x000000009c100000|100%| E|CS|TAMS 0x000000009c000000, 0x000000009c000000| Complete 
| 449|0x000000009c100000, 0x000000009c200000, 0x000000009c200000|100%| E|CS|TAMS 0x000000009c100000, 0x000000009c100000| Complete 
| 450|0x000000009c200000, 0x000000009c300000, 0x000000009c300000|100%| E|CS|TAMS 0x000000009c200000, 0x000000009c200000| Complete 
| 451|0x000000009c300000, 0x000000009c400000, 0x000000009c400000|100%| E|CS|TAMS 0x000000009c300000, 0x000000009c300000| Complete 
| 452|0x000000009c400000, 0x000000009c500000, 0x000000009c500000|100%| E|CS|TAMS 0x000000009c400000, 0x000000009c400000| Complete 
| 453|0x000000009c500000, 0x000000009c600000, 0x000000009c600000|100%| E|CS|TAMS 0x000000009c500000, 0x000000009c500000| Complete 
| 454|0x000000009c600000, 0x000000009c700000, 0x000000009c700000|100%| E|CS|TAMS 0x000000009c600000, 0x000000009c600000| Complete 
| 455|0x000000009c700000, 0x000000009c800000, 0x000000009c800000|100%| E|CS|TAMS 0x000000009c700000, 0x000000009c700000| Complete 
| 456|0x000000009c800000, 0x000000009c900000, 0x000000009c900000|100%| E|CS|TAMS 0x000000009c800000, 0x000000009c800000| Complete 
| 457|0x000000009c900000, 0x000000009ca00000, 0x000000009ca00000|100%| E|CS|TAMS 0x000000009c900000, 0x000000009c900000| Complete 
| 458|0x000000009ca00000, 0x000000009cb00000, 0x000000009cb00000|100%| E|CS|TAMS 0x000000009ca00000, 0x000000009ca00000| Complete 
| 459|0x000000009cb00000, 0x000000009cc00000, 0x000000009cc00000|100%| E|CS|TAMS 0x000000009cb00000, 0x000000009cb00000| Complete 
| 460|0x000000009cc00000, 0x000000009cd00000, 0x000000009cd00000|100%| E|CS|TAMS 0x000000009cc00000, 0x000000009cc00000| Complete 
| 461|0x000000009cd00000, 0x000000009ce00000, 0x000000009ce00000|100%| E|CS|TAMS 0x000000009cd00000, 0x000000009cd00000| Complete 
| 462|0x000000009ce00000, 0x000000009cf00000, 0x000000009cf00000|100%| E|CS|TAMS 0x000000009ce00000, 0x000000009ce00000| Complete 
| 463|0x000000009cf00000, 0x000000009d000000, 0x000000009d000000|100%| E|CS|TAMS 0x000000009cf00000, 0x000000009cf00000| Complete 
| 464|0x000000009d000000, 0x000000009d100000, 0x000000009d100000|100%| E|CS|TAMS 0x000000009d000000, 0x000000009d000000| Complete 
| 465|0x000000009d100000, 0x000000009d200000, 0x000000009d200000|100%| E|CS|TAMS 0x000000009d100000, 0x000000009d100000| Complete 
| 466|0x000000009d200000, 0x000000009d300000, 0x000000009d300000|100%| E|CS|TAMS 0x000000009d200000, 0x000000009d200000| Complete 
| 467|0x000000009d300000, 0x000000009d400000, 0x000000009d400000|100%| E|CS|TAMS 0x000000009d300000, 0x000000009d300000| Complete 
| 468|0x000000009d400000, 0x000000009d500000, 0x000000009d500000|100%| E|CS|TAMS 0x000000009d400000, 0x000000009d400000| Complete 
| 469|0x000000009d500000, 0x000000009d600000, 0x000000009d600000|100%| E|CS|TAMS 0x000000009d500000, 0x000000009d500000| Complete 
| 470|0x000000009d600000, 0x000000009d700000, 0x000000009d700000|100%| E|CS|TAMS 0x000000009d600000, 0x000000009d600000| Complete 
| 471|0x000000009d700000, 0x000000009d800000, 0x000000009d800000|100%| E|CS|TAMS 0x000000009d700000, 0x000000009d700000| Complete 
| 472|0x000000009d800000, 0x000000009d900000, 0x000000009d900000|100%| E|CS|TAMS 0x000000009d800000, 0x000000009d800000| Complete 
| 473|0x000000009d900000, 0x000000009da00000, 0x000000009da00000|100%| E|CS|TAMS 0x000000009d900000, 0x000000009d900000| Complete 
| 474|0x000000009da00000, 0x000000009db00000, 0x000000009db00000|100%| E|CS|TAMS 0x000000009da00000, 0x000000009da00000| Complete 
| 475|0x000000009db00000, 0x000000009dc00000, 0x000000009dc00000|100%| E|CS|TAMS 0x000000009db00000, 0x000000009db00000| Complete 
| 476|0x000000009dc00000, 0x000000009dd00000, 0x000000009dd00000|100%| E|CS|TAMS 0x000000009dc00000, 0x000000009dc00000| Complete 
| 477|0x000000009dd00000, 0x000000009de00000, 0x000000009de00000|100%| E|CS|TAMS 0x000000009dd00000, 0x000000009dd00000| Complete 
| 478|0x000000009de00000, 0x000000009df00000, 0x000000009df00000|100%| E|CS|TAMS 0x000000009de00000, 0x000000009de00000| Complete 
| 479|0x000000009df00000, 0x000000009e000000, 0x000000009e000000|100%| E|CS|TAMS 0x000000009df00000, 0x000000009df00000| Complete 
| 480|0x000000009e000000, 0x000000009e100000, 0x000000009e100000|100%| E|CS|TAMS 0x000000009e000000, 0x000000009e000000| Complete 
| 481|0x000000009e100000, 0x000000009e200000, 0x000000009e200000|100%| E|CS|TAMS 0x000000009e100000, 0x000000009e100000| Complete 
| 482|0x000000009e200000, 0x000000009e300000, 0x000000009e300000|100%| E|CS|TAMS 0x000000009e200000, 0x000000009e200000| Complete 
| 483|0x000000009e300000, 0x000000009e400000, 0x000000009e400000|100%| E|CS|TAMS 0x000000009e300000, 0x000000009e300000| Complete 
| 484|0x000000009e400000, 0x000000009e500000, 0x000000009e500000|100%| E|CS|TAMS 0x000000009e400000, 0x000000009e400000| Complete 
| 485|0x000000009e500000, 0x000000009e600000, 0x000000009e600000|100%| E|CS|TAMS 0x000000009e500000, 0x000000009e500000| Complete 
| 486|0x000000009e600000, 0x000000009e700000, 0x000000009e700000|100%| E|CS|TAMS 0x000000009e600000, 0x000000009e600000| Complete 
| 487|0x000000009e700000, 0x000000009e800000, 0x000000009e800000|100%| E|CS|TAMS 0x000000009e700000, 0x000000009e700000| Complete 
| 488|0x000000009e800000, 0x000000009e900000, 0x000000009e900000|100%| E|CS|TAMS 0x000000009e800000, 0x000000009e800000| Complete 
| 489|0x000000009e900000, 0x000000009ea00000, 0x000000009ea00000|100%| E|CS|TAMS 0x000000009e900000, 0x000000009e900000| Complete 
| 490|0x000000009ea00000, 0x000000009eb00000, 0x000000009eb00000|100%| E|CS|TAMS 0x000000009ea00000, 0x000000009ea00000| Complete 
| 491|0x000000009eb00000, 0x000000009ec00000, 0x000000009ec00000|100%| E|CS|TAMS 0x000000009eb00000, 0x000000009eb00000| Complete 
| 492|0x000000009ec00000, 0x000000009ed00000, 0x000000009ed00000|100%| E|CS|TAMS 0x000000009ec00000, 0x000000009ec00000| Complete 
| 493|0x000000009ed00000, 0x000000009ee00000, 0x000000009ee00000|100%| E|CS|TAMS 0x000000009ed00000, 0x000000009ed00000| Complete 
| 494|0x000000009ee00000, 0x000000009ef00000, 0x000000009ef00000|100%| E|CS|TAMS 0x000000009ee00000, 0x000000009ee00000| Complete 
| 495|0x000000009ef00000, 0x000000009f000000, 0x000000009f000000|100%| E|CS|TAMS 0x000000009ef00000, 0x000000009ef00000| Complete 
| 496|0x000000009f000000, 0x000000009f100000, 0x000000009f100000|100%| E|CS|TAMS 0x000000009f000000, 0x000000009f000000| Complete 
| 497|0x000000009f100000, 0x000000009f200000, 0x000000009f200000|100%| E|CS|TAMS 0x000000009f100000, 0x000000009f100000| Complete 
| 498|0x000000009f200000, 0x000000009f300000, 0x000000009f300000|100%| E|CS|TAMS 0x000000009f200000, 0x000000009f200000| Complete 
| 499|0x000000009f300000, 0x000000009f400000, 0x000000009f400000|100%| E|CS|TAMS 0x000000009f300000, 0x000000009f300000| Complete 
| 500|0x000000009f400000, 0x000000009f500000, 0x000000009f500000|100%| E|CS|TAMS 0x000000009f400000, 0x000000009f400000| Complete 
| 501|0x000000009f500000, 0x000000009f600000, 0x000000009f600000|100%| E|CS|TAMS 0x000000009f500000, 0x000000009f500000| Complete 
| 502|0x000000009f600000, 0x000000009f700000, 0x000000009f700000|100%| E|CS|TAMS 0x000000009f600000, 0x000000009f600000| Complete 
| 503|0x000000009f700000, 0x000000009f800000, 0x000000009f800000|100%| E|CS|TAMS 0x000000009f700000, 0x000000009f700000| Complete 
| 504|0x000000009f800000, 0x000000009f900000, 0x000000009f900000|100%| E|CS|TAMS 0x000000009f800000, 0x000000009f800000| Complete 
| 505|0x000000009f900000, 0x000000009fa00000, 0x000000009fa00000|100%| E|CS|TAMS 0x000000009f900000, 0x000000009f900000| Complete 
| 506|0x000000009fa00000, 0x000000009fb00000, 0x000000009fb00000|100%| E|CS|TAMS 0x000000009fa00000, 0x000000009fa00000| Complete 
| 507|0x000000009fb00000, 0x000000009fc00000, 0x000000009fc00000|100%| E|CS|TAMS 0x000000009fb00000, 0x000000009fb00000| Complete 
| 508|0x000000009fc00000, 0x000000009fd00000, 0x000000009fd00000|100%| E|CS|TAMS 0x000000009fc00000, 0x000000009fc00000| Complete 
| 509|0x000000009fd00000, 0x000000009fe00000, 0x000000009fe00000|100%| E|CS|TAMS 0x000000009fd00000, 0x000000009fd00000| Complete 
| 510|0x000000009fe00000, 0x000000009ff00000, 0x000000009ff00000|100%| E|CS|TAMS 0x000000009fe00000, 0x000000009fe00000| Complete 
| 511|0x000000009ff00000, 0x00000000a0000000, 0x00000000a0000000|100%| E|CS|TAMS 0x000000009ff00000, 0x000000009ff00000| Complete 
| 512|0x00000000a0000000, 0x00000000a0100000, 0x00000000a0100000|100%| E|CS|TAMS 0x00000000a0000000, 0x00000000a0000000| Complete 
| 513|0x00000000a0100000, 0x00000000a0200000, 0x00000000a0200000|100%| E|CS|TAMS 0x00000000a0100000, 0x00000000a0100000| Complete 
| 514|0x00000000a0200000, 0x00000000a0300000, 0x00000000a0300000|100%| E|CS|TAMS 0x00000000a0200000, 0x00000000a0200000| Complete 
| 515|0x00000000a0300000, 0x00000000a0400000, 0x00000000a0400000|100%| E|CS|TAMS 0x00000000a0300000, 0x00000000a0300000| Complete 
| 516|0x00000000a0400000, 0x00000000a0500000, 0x00000000a0500000|100%| E|CS|TAMS 0x00000000a0400000, 0x00000000a0400000| Complete 
| 517|0x00000000a0500000, 0x00000000a0600000, 0x00000000a0600000|100%| E|CS|TAMS 0x00000000a0500000, 0x00000000a0500000| Complete 
| 518|0x00000000a0600000, 0x00000000a0700000, 0x00000000a0700000|100%| E|CS|TAMS 0x00000000a0600000, 0x00000000a0600000| Complete 
| 519|0x00000000a0700000, 0x00000000a0800000, 0x00000000a0800000|100%| E|CS|TAMS 0x00000000a0700000, 0x00000000a0700000| Complete 
| 520|0x00000000a0800000, 0x00000000a0900000, 0x00000000a0900000|100%| E|CS|TAMS 0x00000000a0800000, 0x00000000a0800000| Complete 
| 521|0x00000000a0900000, 0x00000000a0a00000, 0x00000000a0a00000|100%| E|CS|TAMS 0x00000000a0900000, 0x00000000a0900000| Complete 
| 522|0x00000000a0a00000, 0x00000000a0b00000, 0x00000000a0b00000|100%| E|CS|TAMS 0x00000000a0a00000, 0x00000000a0a00000| Complete 
| 523|0x00000000a0b00000, 0x00000000a0c00000, 0x00000000a0c00000|100%| E|CS|TAMS 0x00000000a0b00000, 0x00000000a0b00000| Complete 
| 524|0x00000000a0c00000, 0x00000000a0d00000, 0x00000000a0d00000|100%| E|CS|TAMS 0x00000000a0c00000, 0x00000000a0c00000| Complete 
| 525|0x00000000a0d00000, 0x00000000a0e00000, 0x00000000a0e00000|100%| E|CS|TAMS 0x00000000a0d00000, 0x00000000a0d00000| Complete 
| 526|0x00000000a0e00000, 0x00000000a0f00000, 0x00000000a0f00000|100%| E|CS|TAMS 0x00000000a0e00000, 0x00000000a0e00000| Complete 
| 527|0x00000000a0f00000, 0x00000000a1000000, 0x00000000a1000000|100%| E|CS|TAMS 0x00000000a0f00000, 0x00000000a0f00000| Complete 
| 528|0x00000000a1000000, 0x00000000a1100000, 0x00000000a1100000|100%| E|CS|TAMS 0x00000000a1000000, 0x00000000a1000000| Complete 
| 529|0x00000000a1100000, 0x00000000a1200000, 0x00000000a1200000|100%| E|CS|TAMS 0x00000000a1100000, 0x00000000a1100000| Complete 
| 530|0x00000000a1200000, 0x00000000a1300000, 0x00000000a1300000|100%| E|CS|TAMS 0x00000000a1200000, 0x00000000a1200000| Complete 
| 531|0x00000000a1300000, 0x00000000a1400000, 0x00000000a1400000|100%| E|CS|TAMS 0x00000000a1300000, 0x00000000a1300000| Complete 
| 532|0x00000000a1400000, 0x00000000a1500000, 0x00000000a1500000|100%| E|CS|TAMS 0x00000000a1400000, 0x00000000a1400000| Complete 
| 533|0x00000000a1500000, 0x00000000a1600000, 0x00000000a1600000|100%| E|CS|TAMS 0x00000000a1500000, 0x00000000a1500000| Complete 
| 534|0x00000000a1600000, 0x00000000a1700000, 0x00000000a1700000|100%| E|CS|TAMS 0x00000000a1600000, 0x00000000a1600000| Complete 
| 535|0x00000000a1700000, 0x00000000a1800000, 0x00000000a1800000|100%| E|CS|TAMS 0x00000000a1700000, 0x00000000a1700000| Complete 
| 536|0x00000000a1800000, 0x00000000a1900000, 0x00000000a1900000|100%| E|CS|TAMS 0x00000000a1800000, 0x00000000a1800000| Complete 
| 537|0x00000000a1900000, 0x00000000a1a00000, 0x00000000a1a00000|100%| E|CS|TAMS 0x00000000a1900000, 0x00000000a1900000| Complete 
| 538|0x00000000a1a00000, 0x00000000a1b00000, 0x00000000a1b00000|100%| E|CS|TAMS 0x00000000a1a00000, 0x00000000a1a00000| Complete 
| 539|0x00000000a1b00000, 0x00000000a1c00000, 0x00000000a1c00000|100%| E|CS|TAMS 0x00000000a1b00000, 0x00000000a1b00000| Complete 
| 540|0x00000000a1c00000, 0x00000000a1d00000, 0x00000000a1d00000|100%| E|CS|TAMS 0x00000000a1c00000, 0x00000000a1c00000| Complete 
| 541|0x00000000a1d00000, 0x00000000a1e00000, 0x00000000a1e00000|100%| E|CS|TAMS 0x00000000a1d00000, 0x00000000a1d00000| Complete 
| 542|0x00000000a1e00000, 0x00000000a1f00000, 0x00000000a1f00000|100%| E|CS|TAMS 0x00000000a1e00000, 0x00000000a1e00000| Complete 
| 543|0x00000000a1f00000, 0x00000000a2000000, 0x00000000a2000000|100%| E|CS|TAMS 0x00000000a1f00000, 0x00000000a1f00000| Complete 
| 544|0x00000000a2000000, 0x00000000a2100000, 0x00000000a2100000|100%| E|CS|TAMS 0x00000000a2000000, 0x00000000a2000000| Complete 
| 545|0x00000000a2100000, 0x00000000a2200000, 0x00000000a2200000|100%| E|CS|TAMS 0x00000000a2100000, 0x00000000a2100000| Complete 
| 546|0x00000000a2200000, 0x00000000a2300000, 0x00000000a2300000|100%| E|CS|TAMS 0x00000000a2200000, 0x00000000a2200000| Complete 
| 547|0x00000000a2300000, 0x00000000a2400000, 0x00000000a2400000|100%| E|CS|TAMS 0x00000000a2300000, 0x00000000a2300000| Complete 
| 548|0x00000000a2400000, 0x00000000a2500000, 0x00000000a2500000|100%| E|CS|TAMS 0x00000000a2400000, 0x00000000a2400000| Complete 
| 549|0x00000000a2500000, 0x00000000a2600000, 0x00000000a2600000|100%| E|CS|TAMS 0x00000000a2500000, 0x00000000a2500000| Complete 
| 550|0x00000000a2600000, 0x00000000a2700000, 0x00000000a2700000|100%| E|CS|TAMS 0x00000000a2600000, 0x00000000a2600000| Complete 
| 551|0x00000000a2700000, 0x00000000a2800000, 0x00000000a2800000|100%| E|CS|TAMS 0x00000000a2700000, 0x00000000a2700000| Complete 
| 552|0x00000000a2800000, 0x00000000a2900000, 0x00000000a2900000|100%| E|CS|TAMS 0x00000000a2800000, 0x00000000a2800000| Complete 
| 553|0x00000000a2900000, 0x00000000a2a00000, 0x00000000a2a00000|100%| E|CS|TAMS 0x00000000a2900000, 0x00000000a2900000| Complete 

Card table byte_map: [0x00000219b5080000,0x00000219b5480000] _byte_map_base: 0x00000219b4c80000

Marking Bits (Prev, Next): (CMBitMap*) 0x00000219a22abfc0, (CMBitMap*) 0x00000219a22ac000
 Prev Bits: [0x00000219b5880000, 0x00000219b7880000)
 Next Bits: [0x00000219b7880000, 0x00000219b9880000)

Polling page: 0x00000219a0170000

Metaspace:

Usage:
  Non-class:    179.67 MB used.
      Class:     26.39 MB used.
       Both:    206.05 MB used.

Virtual space:
  Non-class space:      192.00 MB reserved,     180.25 MB ( 94%) committed,  3 nodes.
      Class space:        1.00 GB reserved,      26.94 MB (  3%) committed,  1 nodes.
             Both:        1.19 GB reserved,     207.19 MB ( 17%) committed. 

Chunk freelists:
   Non-Class:  11.75 MB
       Class:  4.88 MB
        Both:  16.62 MB

MaxMetaspaceSize: unlimited
CompressedClassSpaceSize: 1.00 GB
Initial GC threshold: 21.00 MB
Current GC threshold: 341.88 MB
CDS: off
MetaspaceReclaimPolicy: balanced
 - commit_granule_bytes: 65536.
 - commit_granule_words: 8192.
 - virtual_space_node_default_size: 8388608.
 - enlarge_chunks_in_place: 1.
 - new_chunks_are_fully_committed: 0.
 - uncommit_free_chunks: 1.
 - use_allocation_guard: 0.
 - handle_deallocations: 1.


Internal statistics:

num_allocs_failed_limit: 21.
num_arena_births: 2006.
num_arena_deaths: 10.
num_vsnodes_births: 4.
num_vsnodes_deaths: 0.
num_space_committed: 3312.
num_space_uncommitted: 0.
num_chunks_returned_to_freelist: 41.
num_chunks_taken_from_freelist: 10093.
num_chunk_merges: 10.
num_chunk_splits: 7081.
num_chunks_enlarged: 5128.
num_inconsistent_stats: 0.

CodeHeap 'non-profiled nmethods': size=120000Kb used=19512Kb max_used=19512Kb free=100487Kb
 bounds [0x00000219ad1f0000, 0x00000219ae500000, 0x00000219b4720000]
CodeHeap 'profiled nmethods': size=120000Kb used=49771Kb max_used=49771Kb free=70228Kb
 bounds [0x00000219a5720000, 0x00000219a87c0000, 0x00000219acc50000]
CodeHeap 'non-nmethods': size=5760Kb used=2679Kb max_used=2743Kb free=3080Kb
 bounds [0x00000219acc50000, 0x00000219acf10000, 0x00000219ad1f0000]
 total_blobs=25858 nmethods=24601 adapters=1166
 compilation: enabled
              stopped_count=0, restarted_count=0
 full_count=0

Compilation events (20 events):
Event: 323.518 Thread 0x00000219bc70c230 nmethod 30969 0x00000219a877fd90 code [0x00000219a8780200, 0x00000219a8781898]
Event: 323.518 Thread 0x00000219bc70c230 30968       2       com.android.aaptcompiler.ResourceName::copy (17 bytes)
Event: 323.519 Thread 0x00000219bc70c230 nmethod 30968 0x00000219a8782a10 code [0x00000219a8782c40, 0x00000219a8783218]
Event: 323.519 Thread 0x00000219bc70c230 30973 %     3       com.sun.org.apache.xerces.internal.util.NamespaceSupport::getURI @ 5 (38 bytes)
Event: 323.519 Thread 0x00000219bc70c230 nmethod 30973% 0x00000219a8783510 code [0x00000219a87836c0, 0x00000219a8783998]
Event: 323.519 Thread 0x00000219bc70c230 30970       2       com.android.aaptcompiler.ResourceUtilsKt::tryParseItemForAttribute (218 bytes)
Event: 323.521 Thread 0x00000219bc70c230 nmethod 30970 0x00000219a8783b10 code [0x00000219a8783ea0, 0x00000219a8784c38]
Event: 323.521 Thread 0x00000219bc70c230 30971       1       com.android.aaptcompiler.PossibleResourceName::getEntry (5 bytes)
Event: 323.521 Thread 0x00000219bc70c230 nmethod 30971 0x00000219ae4fa690 code [0x00000219ae4fa820, 0x00000219ae4fa8f8]
Event: 323.521 Thread 0x00000219bc70c230 30972       1       com.android.aaptcompiler.Reference::setPrivate (6 bytes)
Event: 323.521 Thread 0x00000219bc70c230 nmethod 30972 0x00000219ae4fa990 code [0x00000219ae4fab20, 0x00000219ae4fabf8]
Event: 323.521 Thread 0x00000219bc70c230 30974       1       com.android.aaptcompiler.ReferenceInfo::getReference (5 bytes)
Event: 323.521 Thread 0x00000219bc70c230 nmethod 30974 0x00000219ae4fac90 code [0x00000219ae4fae20, 0x00000219ae4faef8]
Event: 323.521 Thread 0x00000219bc70c230 30966       2       com.android.aaptcompiler.Reference::<init> (19 bytes)
Event: 323.521 Thread 0x00000219bc70c230 nmethod 30966 0x00000219a8785410 code [0x00000219a87855a0, 0x00000219a87856c8]
Event: 323.521 Thread 0x00000219bc70c230 30967       2       com.android.aaptcompiler.Reference::<init> (37 bytes)
Event: 323.522 Thread 0x00000219bc70c230 nmethod 30967 0x00000219a8785790 code [0x00000219a8785980, 0x00000219a8785e98]
Event: 323.526 Thread 0x00000219bc70c230 30975       3       com.sun.org.apache.xerces.internal.util.NamespaceSupport::getURI (38 bytes)
Event: 323.527 Thread 0x00000219bc70c230 nmethod 30975 0x00000219a8786090 code [0x00000219a8786240, 0x00000219a87864b8]
Event: 323.527 Thread 0x00000219bc70c230 30976       2       com.android.aaptcompiler.ResourceUtilsKt::parseReference (182 bytes)

GC Heap History (20 events):
Event: 117.405 GC heap before
{Heap before GC invocations=99 (full 0):
 garbage-first heap   total 490496K, used 414293K [0x0000000080000000, 0x0000000100000000)
  region size 1024K, 155 young (158720K), 14 survivors (14336K)
 Metaspace       used 172370K, committed 173376K, reserved 1245184K
  class space    used 22439K, committed 22912K, reserved 1048576K
}
Event: 117.412 GC heap after
{Heap after GC invocations=100 (full 0):
 garbage-first heap   total 490496K, used 283355K [0x0000000080000000, 0x0000000100000000)
  region size 1024K, 14 young (14336K), 14 survivors (14336K)
 Metaspace       used 172370K, committed 173376K, reserved 1245184K
  class space    used 22439K, committed 22912K, reserved 1048576K
}
Event: 118.581 GC heap before
{Heap before GC invocations=101 (full 0):
 garbage-first heap   total 563200K, used 415451K [0x0000000080000000, 0x0000000100000000)
  region size 1024K, 134 young (137216K), 14 survivors (14336K)
 Metaspace       used 178616K, committed 179648K, reserved 1245184K
  class space    used 23157K, committed 23680K, reserved 1048576K
}
Event: 118.591 GC heap after
{Heap after GC invocations=102 (full 0):
 garbage-first heap   total 563200K, used 299002K [0x0000000080000000, 0x0000000100000000)
  region size 1024K, 16 young (16384K), 16 survivors (16384K)
 Metaspace       used 178616K, committed 179648K, reserved 1245184K
  class space    used 23157K, committed 23680K, reserved 1048576K
}
Event: 118.764 GC heap before
{Heap before GC invocations=102 (full 0):
 garbage-first heap   total 563200K, used 309242K [0x0000000080000000, 0x0000000100000000)
  region size 1024K, 27 young (27648K), 16 survivors (16384K)
 Metaspace       used 179563K, committed 180608K, reserved 1245184K
  class space    used 23310K, committed 23808K, reserved 1048576K
}
Event: 118.774 GC heap after
{Heap after GC invocations=103 (full 0):
 garbage-first heap   total 563200K, used 297889K [0x0000000080000000, 0x0000000100000000)
  region size 1024K, 3 young (3072K), 3 survivors (3072K)
 Metaspace       used 179563K, committed 180608K, reserved 1245184K
  class space    used 23310K, committed 23808K, reserved 1048576K
}
Event: 120.471 GC heap before
{Heap before GC invocations=103 (full 0):
 garbage-first heap   total 563200K, used 459681K [0x0000000080000000, 0x0000000100000000)
  region size 1024K, 159 young (162816K), 3 survivors (3072K)
 Metaspace       used 184422K, committed 185408K, reserved 1245184K
  class space    used 23933K, committed 24384K, reserved 1048576K
}
Event: 120.474 GC heap after
{Heap after GC invocations=104 (full 0):
 garbage-first heap   total 563200K, used 303629K [0x0000000080000000, 0x0000000100000000)
  region size 1024K, 7 young (7168K), 7 survivors (7168K)
 Metaspace       used 184422K, committed 185408K, reserved 1245184K
  class space    used 23933K, committed 24384K, reserved 1048576K
}
Event: 121.862 GC heap before
{Heap before GC invocations=104 (full 0):
 garbage-first heap   total 563200K, used 463373K [0x0000000080000000, 0x0000000100000000)
  region size 1024K, 163 young (166912K), 7 survivors (7168K)
 Metaspace       used 187238K, committed 188160K, reserved 1245184K
  class space    used 24321K, committed 24768K, reserved 1048576K
}
Event: 121.865 GC heap after
{Heap after GC invocations=105 (full 0):
 garbage-first heap   total 563200K, used 299021K [0x0000000080000000, 0x0000000100000000)
  region size 1024K, 4 young (4096K), 4 survivors (4096K)
 Metaspace       used 187238K, committed 188160K, reserved 1245184K
  class space    used 24321K, committed 24768K, reserved 1048576K
}
Event: 128.599 GC heap before
{Heap before GC invocations=105 (full 0):
 garbage-first heap   total 563200K, used 467981K [0x0000000080000000, 0x0000000100000000)
  region size 1024K, 170 young (174080K), 4 survivors (4096K)
 Metaspace       used 193707K, committed 194752K, reserved 1245184K
  class space    used 24978K, committed 25472K, reserved 1048576K
}
Event: 128.612 GC heap after
{Heap after GC invocations=106 (full 0):
 garbage-first heap   total 563200K, used 307125K [0x0000000080000000, 0x0000000100000000)
  region size 1024K, 12 young (12288K), 12 survivors (12288K)
 Metaspace       used 193707K, committed 194752K, reserved 1245184K
  class space    used 24978K, committed 25472K, reserved 1048576K
}
Event: 137.473 GC heap before
{Heap before GC invocations=107 (full 0):
 garbage-first heap   total 563200K, used 471989K [0x0000000080000000, 0x0000000100000000)
  region size 1024K, 174 young (178176K), 12 survivors (12288K)
 Metaspace       used 199359K, committed 200320K, reserved 1245184K
  class space    used 25636K, committed 26112K, reserved 1048576K
}
Event: 137.483 GC heap after
{Heap after GC invocations=108 (full 0):
 garbage-first heap   total 563200K, used 316973K [0x0000000080000000, 0x0000000100000000)
  region size 1024K, 21 young (21504K), 21 survivors (21504K)
 Metaspace       used 199359K, committed 200320K, reserved 1245184K
  class space    used 25636K, committed 26112K, reserved 1048576K
}
Event: 139.968 GC heap before
{Heap before GC invocations=108 (full 0):
 garbage-first heap   total 563200K, used 323117K [0x0000000080000000, 0x0000000100000000)
  region size 1024K, 27 young (27648K), 21 survivors (21504K)
 Metaspace       used 199416K, committed 200448K, reserved 1245184K
  class space    used 25637K, committed 26112K, reserved 1048576K
}
Event: 139.978 GC heap after
{Heap after GC invocations=109 (full 0):
 garbage-first heap   total 563200K, used 314147K [0x0000000080000000, 0x0000000100000000)
  region size 1024K, 4 young (4096K), 4 survivors (4096K)
 Metaspace       used 199416K, committed 200448K, reserved 1245184K
  class space    used 25637K, committed 26112K, reserved 1048576K
}
Event: 318.400 GC heap before
{Heap before GC invocations=109 (full 0):
 garbage-first heap   total 563200K, used 472867K [0x0000000080000000, 0x0000000100000000)
  region size 1024K, 160 young (163840K), 4 survivors (4096K)
 Metaspace       used 203272K, committed 204480K, reserved 1245184K
  class space    used 26157K, committed 26752K, reserved 1048576K
}
Event: 318.405 GC heap after
{Heap after GC invocations=110 (full 0):
 garbage-first heap   total 563200K, used 321824K [0x0000000080000000, 0x0000000100000000)
  region size 1024K, 12 young (12288K), 12 survivors (12288K)
 Metaspace       used 203272K, committed 204480K, reserved 1245184K
  class space    used 26157K, committed 26752K, reserved 1048576K
}
Event: 320.976 GC heap before
{Heap before GC invocations=110 (full 0):
 garbage-first heap   total 563200K, used 448800K [0x0000000080000000, 0x0000000100000000)
  region size 1024K, 138 young (141312K), 12 survivors (12288K)
 Metaspace       used 208796K, committed 210048K, reserved 1245184K
  class space    used 26851K, committed 27456K, reserved 1048576K
}
Event: 320.989 GC heap after
{Heap after GC invocations=111 (full 0):
 garbage-first heap   total 563200K, used 335450K [0x0000000080000000, 0x0000000100000000)
  region size 1024K, 14 young (14336K), 14 survivors (14336K)
 Metaspace       used 208796K, committed 210048K, reserved 1245184K
  class space    used 26851K, committed 27456K, reserved 1048576K
}

Dll operation events (3 events):
Event: 0.012 Loaded shared library C:\Program Files\Android\Android Studio\jbr\bin\java.dll
Event: 0.138 Loaded shared library C:\Program Files\Android\Android Studio\jbr\bin\zip.dll
Event: 0.420 Loaded shared library C:\Program Files\Android\Android Studio\jbr\bin\verify.dll

Deoptimization events (20 events):
Event: 323.319 Thread 0x00000219d74320e0 DEOPT PACKING pc=0x00000219ade316f0 sp=0x0000007488bfd3b0
Event: 323.319 Thread 0x00000219d74320e0 DEOPT UNPACKING pc=0x00000219acca69a3 sp=0x0000007488bfd358 mode 2
Event: 323.379 Thread 0x00000219c210c6b0 Uncommon trap: trap_request=0xffffff45 fr.pc=0x00000219ae15e87c relative=0x000000000000007c
Event: 323.379 Thread 0x00000219c210c6b0 Uncommon trap: reason=unstable_if action=reinterpret pc=0x00000219ae15e87c method=com.sun.org.apache.xerces.internal.impl.XMLEntityScanner.checkBeforeLoad(Lcom/sun/xml/internal/stream/Entity$ScannedEntity;II)I @ 18 c2
Event: 323.379 Thread 0x00000219c210c6b0 DEOPT PACKING pc=0x00000219ae15e87c sp=0x00000074879fdb30
Event: 323.379 Thread 0x00000219c210c6b0 DEOPT UNPACKING pc=0x00000219acca69a3 sp=0x00000074879fdaa0 mode 2
Event: 323.379 Thread 0x00000219c210c6b0 DEOPT PACKING pc=0x00000219a871122e sp=0x00000074879fda40
Event: 323.379 Thread 0x00000219c210c6b0 DEOPT UNPACKING pc=0x00000219acca7143 sp=0x00000074879fcee0 mode 0
Event: 323.427 Thread 0x00000219c210c6b0 DEOPT PACKING pc=0x00000219a871122e sp=0x00000074879fdb10
Event: 323.427 Thread 0x00000219c210c6b0 DEOPT UNPACKING pc=0x00000219acca7143 sp=0x00000074879fcfb0 mode 0
Event: 323.464 Thread 0x00000219c210c6b0 DEOPT PACKING pc=0x00000219a871122e sp=0x00000074879fd9a0
Event: 323.464 Thread 0x00000219c210c6b0 DEOPT UNPACKING pc=0x00000219acca7143 sp=0x00000074879fce40 mode 0
Event: 323.492 Thread 0x00000219c210c6b0 DEOPT PACKING pc=0x00000219a871122e sp=0x00000074879fd870
Event: 323.492 Thread 0x00000219c210c6b0 DEOPT UNPACKING pc=0x00000219acca7143 sp=0x00000074879fcd10 mode 0
Event: 323.514 Thread 0x00000219c210c6b0 DEOPT PACKING pc=0x00000219a871122e sp=0x00000074879fd7b0
Event: 323.514 Thread 0x00000219c210c6b0 DEOPT UNPACKING pc=0x00000219acca7143 sp=0x00000074879fcc50 mode 0
Event: 323.526 Thread 0x00000219c210c6b0 DEOPT PACKING pc=0x00000219a871122e sp=0x00000074879fd9b0
Event: 323.526 Thread 0x00000219c210c6b0 DEOPT UNPACKING pc=0x00000219acca7143 sp=0x00000074879fce50 mode 0
Event: 324.532 Thread 0x00000219c210c6b0 DEOPT PACKING pc=0x00000219a873204d sp=0x00000074879fd850
Event: 324.532 Thread 0x00000219c210c6b0 DEOPT UNPACKING pc=0x00000219acca7143 sp=0x00000074879fcd40 mode 0

Classes unloaded (19 events):
Event: 6.725 Thread 0x00000219bc65b0c0 Unloading class 0x00000001006a4000 '_BuildScript_$_run_closure1'
Event: 6.725 Thread 0x00000219bc65b0c0 Unloading class 0x000000010069c000 '_BuildScript_'
Event: 7.212 Thread 0x00000219bc65b0c0 Unloading class 0x0000000100733410 '_BuildScript_$_run_closure1$_closure2'
Event: 7.212 Thread 0x00000219bc65b0c0 Unloading class 0x0000000100733000 '_BuildScript_$_run_closure1'
Event: 7.212 Thread 0x00000219bc65b0c0 Unloading class 0x0000000100732800 '_BuildScript_'
Event: 24.575 Thread 0x00000219bc65b0c0 Unloading class 0x0000000100824968 '_BuildScript_$_run_closure1$_closure2'
Event: 24.575 Thread 0x00000219bc65b0c0 Unloading class 0x0000000100824558 '_BuildScript_$_run_closure1'
Event: 24.575 Thread 0x00000219bc65b0c0 Unloading class 0x0000000100824000 '_BuildScript_'
Event: 24.575 Thread 0x00000219bc65b0c0 Unloading class 0x000000010081c558 '_BuildScript_$_run_closure1'
Event: 24.575 Thread 0x00000219bc65b0c0 Unloading class 0x000000010081c000 '_BuildScript_'
Event: 38.999 Thread 0x00000219bc65b0c0 Unloading class 0x000000010082e410 '_BuildScript_$_run_closure1$_closure3'
Event: 38.999 Thread 0x00000219bc65b0c0 Unloading class 0x000000010082e000 '_BuildScript_$_run_closure1$_closure2'
Event: 38.999 Thread 0x00000219bc65b0c0 Unloading class 0x000000010082d968 '_BuildScript_$_run_closure1'
Event: 38.999 Thread 0x00000219bc65b0c0 Unloading class 0x000000010082d410 '_BuildScript_'
Event: 38.999 Thread 0x00000219bc65b0c0 Unloading class 0x000000010082d000 'JetGradlePlugin$_apply_closure1$_closure2$_closure3'
Event: 38.999 Thread 0x00000219bc65b0c0 Unloading class 0x000000010082c9c0 'JetGradlePlugin$_apply_closure1$_closure2'
Event: 38.999 Thread 0x00000219bc65b0c0 Unloading class 0x000000010082c5b0 'JetGradlePlugin$_apply_closure1'
Event: 38.999 Thread 0x00000219bc65b0c0 Unloading class 0x000000010082c2f0 'JetGradlePlugin'
Event: 38.999 Thread 0x00000219bc65b0c0 Unloading class 0x000000010082c000 'RegistryProcessor'

Classes redefined (0 events):
No events

Internal exceptions (20 events):
Event: 318.957 Thread 0x00000219d8b6d380 Exception <a 'sun/nio/fs/WindowsException'{0x000000009fe0d628}> (0x000000009fe0d628) 
thrown [s\src\hotspot\share\prims\jni.cpp, line 517]
Event: 319.013 Thread 0x00000219d8b6d380 Exception <a 'sun/nio/fs/WindowsException'{0x000000009fd7a550}> (0x000000009fd7a550) 
thrown [s\src\hotspot\share\prims\jni.cpp, line 517]
Event: 319.373 Thread 0x00000219d8b6d380 Exception <a 'java/lang/NoSuchMethodError'{0x000000009e765798}: static Lcom/android/build/gradle/internal/tasks/AarMetadataArtifact;.<clinit>()V> (0x000000009e765798) 
thrown [s\src\hotspot\share\prims\jni.cpp, line 1108]
Event: 319.381 Thread 0x00000219d8b6ecd0 Exception <a 'sun/nio/fs/WindowsException'{0x00000000a0ffaa20}> (0x00000000a0ffaa20) 
thrown [s\src\hotspot\share\prims\jni.cpp, line 517]
Event: 319.398 Thread 0x00000219d8b6e7c0 Exception <a 'sun/nio/fs/WindowsException'{0x00000000a0fe5db0}> (0x00000000a0fe5db0) 
thrown [s\src\hotspot\share\prims\jni.cpp, line 517]
Event: 319.729 Thread 0x00000219d8b6e7c0 Exception <a 'sun/nio/fs/WindowsException'{0x000000009d7f48d8}> (0x000000009d7f48d8) 
thrown [s\src\hotspot\share\prims\jni.cpp, line 517]
Event: 319.730 Thread 0x00000219d8b6e7c0 Exception <a 'sun/nio/fs/WindowsException'{0x000000009d7f57c8}> (0x000000009d7f57c8) 
thrown [s\src\hotspot\share\prims\jni.cpp, line 517]
Event: 319.757 Thread 0x00000219d8b6e7c0 Exception <a 'sun/nio/fs/WindowsException'{0x000000009d6d8b28}> (0x000000009d6d8b28) 
thrown [s\src\hotspot\share\prims\jni.cpp, line 517]
Event: 319.758 Thread 0x00000219d8b6e7c0 Exception <a 'sun/nio/fs/WindowsException'{0x000000009d6daf50}> (0x000000009d6daf50) 
thrown [s\src\hotspot\share\prims\jni.cpp, line 517]
Event: 319.758 Thread 0x00000219d8b6e7c0 Exception <a 'sun/nio/fs/WindowsException'{0x000000009d553cc0}> (0x000000009d553cc0) 
thrown [s\src\hotspot\share\prims\jni.cpp, line 517]
Event: 319.758 Thread 0x00000219d8b6e7c0 Exception <a 'sun/nio/fs/WindowsException'{0x000000009d556048}> (0x000000009d556048) 
thrown [s\src\hotspot\share\prims\jni.cpp, line 517]
Event: 319.759 Thread 0x00000219d8b6e7c0 Exception <a 'sun/nio/fs/WindowsException'{0x000000009d558068}> (0x000000009d558068) 
thrown [s\src\hotspot\share\prims\jni.cpp, line 517]
Event: 321.661 Thread 0x00000219d8b6e7c0 Implicit null exception at 0x00000219ae4071ff to 0x00000219ae4081c4
Event: 322.995 Thread 0x00000219d8b6e7c0 Implicit null exception at 0x00000219ae48b2f0 to 0x00000219ae48f958
Event: 323.165 Thread 0x00000219d8b6e7c0 Exception <a 'java/lang/NoSuchMethodError'{0x000000009dfacb30}: static Lcom/android/ide/common/resources/CompileResourceRequest;.<clinit>()V> (0x000000009dfacb30) 
thrown [s\src\hotspot\share\prims\jni.cpp, line 1108]
Event: 323.166 Thread 0x00000219d8b6e7c0 Exception <a 'java/lang/NoSuchMethodError'{0x000000009dfc3e08}: static Ljava/lang/Object;.<clinit>()V> (0x000000009dfc3e08) 
thrown [s\src\hotspot\share\prims\jni.cpp, line 1108]
Event: 323.167 Thread 0x00000219d8b6e7c0 Exception <a 'java/lang/NoSuchMethodError'{0x000000009dfd5cb8}: static Ljava/lang/Object;.<clinit>()V> (0x000000009dfd5cb8) 
thrown [s\src\hotspot\share\prims\jni.cpp, line 1108]
Event: 323.170 Thread 0x00000219d8b6e7c0 Exception <a 'java/lang/NoSuchMethodError'{0x000000009dfe79e8}: static Ljava/lang/Object;.<clinit>()V> (0x000000009dfe79e8) 
thrown [s\src\hotspot\share\prims\jni.cpp, line 1108]
Event: 323.180 Thread 0x00000219d8b6e7c0 Exception <a 'java/lang/NoSuchMethodError'{0x000000009defa1c8}: static Lkotlin/InitializedLazyImpl;.<clinit>()V> (0x000000009defa1c8) 
thrown [s\src\hotspot\share\prims\jni.cpp, line 1108]
Event: 323.308 Thread 0x00000219c210ef30 Implicit null exception at 0x00000219ae1c4ebc to 0x00000219ae1c65e8

VM Operations (20 events):
Event: 320.261 Executing VM operation: ICBufferFull done
Event: 320.976 Executing VM operation: G1TryInitiateConcMark
Event: 320.992 Executing VM operation: G1TryInitiateConcMark done
Event: 321.007 Executing VM operation: HandshakeAllThreads
Event: 321.007 Executing VM operation: HandshakeAllThreads done
Event: 321.130 Executing VM operation: G1PauseRemark
Event: 321.152 Executing VM operation: G1PauseRemark done
Event: 321.228 Executing VM operation: G1PauseCleanup
Event: 321.228 Executing VM operation: G1PauseCleanup done
Event: 321.605 Executing VM operation: HandshakeAllThreads
Event: 321.605 Executing VM operation: HandshakeAllThreads done
Event: 321.665 Executing VM operation: HandshakeAllThreads
Event: 321.666 Executing VM operation: HandshakeAllThreads done
Event: 321.682 Executing VM operation: HandshakeAllThreads
Event: 321.682 Executing VM operation: HandshakeAllThreads done
Event: 321.897 Executing VM operation: ICBufferFull
Event: 321.897 Executing VM operation: ICBufferFull done
Event: 322.817 Executing VM operation: ICBufferFull
Event: 322.818 Executing VM operation: ICBufferFull done
Event: 323.820 Executing VM operation: Cleanup

Events (20 events):
Event: 321.687 loading class org/w3c/dom/ls/LSParser done
Event: 321.687 loading class org/w3c/dom/ls/LSInput
Event: 321.687 loading class org/w3c/dom/ls/LSInput done
Event: 322.620 Thread 0x00000219c4280d00 Thread exited: 0x00000219c4280d00
Event: 323.194 Thread 0x00000219c210ef30 Thread added: 0x00000219c210ef30
Event: 323.229 Thread 0x00000219c210fe60 Thread added: 0x00000219c210fe60
Event: 323.252 Thread 0x00000219c210d5e0 Thread added: 0x00000219c210d5e0
Event: 323.258 Thread 0x00000219c210ea20 Thread added: 0x00000219c210ea20
Event: 323.265 Thread 0x00000219d7433010 Thread added: 0x00000219d7433010
Event: 323.270 Thread 0x00000219d7432b00 Thread added: 0x00000219d7432b00
Event: 323.275 Thread 0x00000219d74320e0 Thread added: 0x00000219d74320e0
Event: 323.282 Thread 0x00000219d7433520 Thread added: 0x00000219d7433520
Event: 323.287 Thread 0x00000219d74311b0 Thread added: 0x00000219d74311b0
Event: 323.305 loading class java/lang/StringUTF16$CodePointsSpliterator
Event: 323.305 loading class java/util/Spliterators$2Adapter
Event: 323.305 loading class java/util/Spliterators$2Adapter done
Event: 323.305 loading class java/lang/StringUTF16$CodePointsSpliterator done
Event: 323.320 Thread 0x00000219d7433a30 Thread added: 0x00000219d7433a30
Event: 323.334 Thread 0x00000219d74325f0 Thread added: 0x00000219d74325f0
Event: 323.391 Thread 0x00000219c25c4580 Thread added: 0x00000219c25c4580


Dynamic libraries:
0x00007ff729390000 - 0x00007ff72939a000 	C:\Program Files\Android\Android Studio\jbr\bin\java.exe
0x00007ffcdfa40000 - 0x00007ffcdfca7000 	C:\WINDOWS\SYSTEM32\ntdll.dll
0x00007ffcdec00000 - 0x00007ffcdecc9000 	C:\WINDOWS\System32\KERNEL32.DLL
0x00007ffcdc630000 - 0x00007ffcdca27000 	C:\WINDOWS\System32\KERNELBASE.dll
0x00007ffcdcd40000 - 0x00007ffcdce8b000 	C:\WINDOWS\System32\ucrtbase.dll
0x00007ffcb5220000 - 0x00007ffcb5237000 	C:\Program Files\Android\Android Studio\jbr\bin\jli.dll
0x00007ffcddd00000 - 0x00007ffcddec6000 	C:\WINDOWS\System32\USER32.dll
0x00007ffcbf860000 - 0x00007ffcbfaf2000 	C:\WINDOWS\WinSxS\amd64_microsoft.windows.common-controls_6595b64144ccf1df_6.0.26100.8457_none_3e0b2faee331e92d\COMCTL32.dll
0x00007ffcdcd10000 - 0x00007ffcdcd37000 	C:\WINDOWS\System32\win32u.dll
0x00007ffcdf8f0000 - 0x00007ffcdf91b000 	C:\WINDOWS\System32\GDI32.dll
0x00007ffcdefb0000 - 0x00007ffcdf059000 	C:\WINDOWS\System32\msvcrt.dll
0x00007ffcdc500000 - 0x00007ffcdc62c000 	C:\WINDOWS\System32\gdi32full.dll
0x00007ffcdcc60000 - 0x00007ffcdcd03000 	C:\WINDOWS\System32\msvcp_win.dll
0x00007ffc9ea80000 - 0x00007ffc9ea9b000 	C:\Program Files\Android\Android Studio\jbr\bin\VCRUNTIME140.dll
0x00007ffcddcc0000 - 0x00007ffcddcf2000 	C:\WINDOWS\System32\IMM32.DLL
0x00007ffcaee90000 - 0x00007ffcaee9c000 	C:\Program Files\Android\Android Studio\jbr\bin\vcruntime140_1.dll
0x00007ffc561f0000 - 0x00007ffc5627d000 	C:\Program Files\Android\Android Studio\jbr\bin\msvcp140.dll
0x00007ffc51860000 - 0x00007ffc524e3000 	C:\Program Files\Android\Android Studio\jbr\bin\server\jvm.dll
0x00007ffcdf940000 - 0x00007ffcdf9f6000 	C:\WINDOWS\System32\ADVAPI32.dll
0x00007ffcde9a0000 - 0x00007ffcdea47000 	C:\WINDOWS\System32\sechost.dll
0x00007ffcde540000 - 0x00007ffcde658000 	C:\WINDOWS\System32\RPCRT4.dll
0x00007ffcdc2f0000 - 0x00007ffcdc34e000 	C:\WINDOWS\SYSTEM32\POWRPROF.dll
0x00007ffccf170000 - 0x00007ffccf1a6000 	C:\WINDOWS\SYSTEM32\WINMM.dll
0x00007ffcbd490000 - 0x00007ffcbd49b000 	C:\WINDOWS\SYSTEM32\VERSION.dll
0x00007ffcbd130000 - 0x00007ffcbd13a000 	C:\WINDOWS\SYSTEM32\WSOCK32.dll
0x00007ffcdede0000 - 0x00007ffcdee60000 	C:\WINDOWS\System32\WS2_32.dll
0x00007ffcdc2b0000 - 0x00007ffcdc2c4000 	C:\WINDOWS\SYSTEM32\UMPDC.dll
0x00007ffcdb160000 - 0x00007ffcdb17b000 	C:\WINDOWS\SYSTEM32\kernel.appcore.dll
0x00007ffcc9580000 - 0x00007ffcc958a000 	C:\Program Files\Android\Android Studio\jbr\bin\jimage.dll
0x00007ffcda3c0000 - 0x00007ffcda602000 	C:\WINDOWS\SYSTEM32\DBGHELP.DLL
0x00007ffcdd930000 - 0x00007ffcddcb3000 	C:\WINDOWS\System32\combase.dll
0x00007ffcdd7c0000 - 0x00007ffcdd899000 	C:\WINDOWS\System32\OLEAUT32.dll
0x00007ffcbb6c0000 - 0x00007ffcbb6fb000 	C:\WINDOWS\SYSTEM32\dbgcore.DLL
0x00007ffcdcbb0000 - 0x00007ffcdcc58000 	C:\WINDOWS\System32\bcryptPrimitives.dll
0x00007ffcbd020000 - 0x00007ffcbd02e000 	C:\Program Files\Android\Android Studio\jbr\bin\instrument.dll
0x00007ffcb5280000 - 0x00007ffcb52a5000 	C:\Program Files\Android\Android Studio\jbr\bin\java.dll
0x00007ffcba320000 - 0x00007ffcba338000 	C:\Program Files\Android\Android Studio\jbr\bin\zip.dll
0x00007ffcdf0f0000 - 0x00007ffcdf85e000 	C:\WINDOWS\System32\SHELL32.dll
0x00007ffcdce90000 - 0x00007ffcdd6fc000 	C:\WINDOWS\System32\windows.storage.dll
0x00007ffcde7d0000 - 0x00007ffcde8c6000 	C:\WINDOWS\System32\SHCORE.dll
0x00007ffcde8d0000 - 0x00007ffcde936000 	C:\WINDOWS\System32\shlwapi.dll
0x00007ffcdc390000 - 0x00007ffcdc3b9000 	C:\WINDOWS\SYSTEM32\profapi.dll
0x00007ffcb5260000 - 0x00007ffcb5279000 	C:\Program Files\Android\Android Studio\jbr\bin\net.dll
0x00007ffcd37b0000 - 0x00007ffcd38d9000 	C:\WINDOWS\SYSTEM32\WINHTTP.dll
0x00007ffcdb770000 - 0x00007ffcdb7dc000 	C:\WINDOWS\system32\mswsock.dll
0x00007ffcb5240000 - 0x00007ffcb5256000 	C:\Program Files\Android\Android Studio\jbr\bin\nio.dll
0x00007ffcbe520000 - 0x00007ffcbe530000 	C:\Program Files\Android\Android Studio\jbr\bin\verify.dll
0x00007ffcc6a00000 - 0x00007ffcc6a27000 	C:\Users\hb200\.gradle\native\c067742578af261105cb4f569cf0c3c89f3d7b1fecec35dd04571415982c5e48\windows-amd64\native-platform.dll
0x00007ffc55f30000 - 0x00007ffc56074000 	C:\Users\hb200\.gradle\native\100fb08df4bc3b14c8652ba06237920a3bd2aa13389f12d3474272988ae205f9\windows-amd64\native-platform-file-events.dll
0x00007ffcc9240000 - 0x00007ffcc9249000 	C:\Program Files\Android\Android Studio\jbr\bin\management.dll
0x00007ffcc6940000 - 0x00007ffcc694b000 	C:\Program Files\Android\Android Studio\jbr\bin\management_ext.dll
0x00007ffcde660000 - 0x00007ffcde668000 	C:\WINDOWS\System32\PSAPI.DLL
0x00007ffcdba60000 - 0x00007ffcdba7b000 	C:\WINDOWS\SYSTEM32\CRYPTSP.dll
0x00007ffcdb180000 - 0x00007ffcdb1b9000 	C:\WINDOWS\system32\rsaenh.dll
0x00007ffcdb820000 - 0x00007ffcdb853000 	C:\WINDOWS\SYSTEM32\USERENV.dll
0x00007ffcdc360000 - 0x00007ffcdc38a000 	C:\WINDOWS\SYSTEM32\bcrypt.dll
0x00007ffcdba50000 - 0x00007ffcdba5c000 	C:\WINDOWS\SYSTEM32\CRYPTBASE.dll
0x00007ffcdabd0000 - 0x00007ffcdac02000 	C:\WINDOWS\SYSTEM32\IPHLPAPI.DLL
0x00007ffcdebf0000 - 0x00007ffcdebfa000 	C:\WINDOWS\System32\NSI.dll
0x00007ffcd3910000 - 0x00007ffcd392d000 	C:\WINDOWS\SYSTEM32\dhcpcsvc6.DLL
0x00007ffcd38e0000 - 0x00007ffcd3905000 	C:\WINDOWS\SYSTEM32\dhcpcsvc.DLL
0x00007ffcdacc0000 - 0x00007ffcdadf2000 	C:\WINDOWS\SYSTEM32\DNSAPI.dll
0x00007ffca5960000 - 0x00007ffca5968000 	C:\WINDOWS\system32\wshunix.dll
0x00007ffcdb320000 - 0x00007ffcdb356000 	C:\WINDOWS\SYSTEM32\ntmarta.dll
0x00007ffcd2b30000 - 0x00007ffcd2b3b000 	C:\Windows\System32\rasadhlp.dll
0x00007ffcd3da0000 - 0x00007ffcd3e26000 	C:\WINDOWS\System32\fwpuclnt.dll
0x00007ffcc7f60000 - 0x00007ffcc7f78000 	C:\WINDOWS\system32\napinsp.dll
0x00007ffcc7f40000 - 0x00007ffcc7f53000 	C:\WINDOWS\System32\winrnr.dll
0x00007ffcc7f10000 - 0x00007ffcc7f32000 	C:\WINDOWS\system32\nlansp_c.dll
0x00007ffcd1de0000 - 0x00007ffcd1df6000 	C:\WINDOWS\system32\wshbth.dll

dbghelp: loaded successfully - version: 4.0.5 - missing functions: none
symbol engine: initialized successfully - sym options: 0x614 - pdb path: .;C:\Program Files\Android\Android Studio\jbr\bin;C:\WINDOWS\SYSTEM32;C:\WINDOWS\WinSxS\amd64_microsoft.windows.common-controls_6595b64144ccf1df_6.0.26100.8457_none_3e0b2faee331e92d;C:\Program Files\Android\Android Studio\jbr\bin\server;C:\Users\hb200\.gradle\native\c067742578af261105cb4f569cf0c3c89f3d7b1fecec35dd04571415982c5e48\windows-amd64;C:\Users\hb200\.gradle\native\100fb08df4bc3b14c8652ba06237920a3bd2aa13389f12d3474272988ae205f9\windows-amd64

VM Arguments:
jvm_args: --add-opens=java.base/java.util=ALL-UNNAMED --add-opens=java.base/java.lang=ALL-UNNAMED --add-opens=java.base/java.lang.invoke=ALL-UNNAMED --add-opens=java.prefs/java.util.prefs=ALL-UNNAMED --add-exports=jdk.compiler/com.sun.tools.javac.api=ALL-UNNAMED --add-exports=jdk.compiler/com.sun.tools.javac.util=ALL-UNNAMED --add-opens=java.base/java.nio.charset=ALL-UNNAMED --add-opens=java.base/java.net=ALL-UNNAMED --add-opens=java.base/java.util.concurrent.atomic=ALL-UNNAMED -Xmx2048m -Dfile.encoding=UTF-8 -Duser.country=PH -Duser.language=en -Duser.variant -javaagent:C:\Users\hb200\.gradle\wrapper\dists\gradle-8.9-bin\90cnw93cvbtalezasaz0blq0a\gradle-8.9\lib\agents\gradle-instrumentation-agent-8.9.jar 
java_command: org.gradle.launcher.daemon.bootstrap.GradleDaemon 8.9
java_class_path (initial): C:\Users\hb200\.gradle\wrapper\dists\gradle-8.9-bin\90cnw93cvbtalezasaz0blq0a\gradle-8.9\lib\gradle-daemon-main-8.9.jar
Launcher Type: SUN_STANDARD

[Global flags]
     intx CICompilerCount                          = 4                                         {product} {ergonomic}
     uint ConcGCThreads                            = 3                                         {product} {ergonomic}
     uint G1ConcRefinementThreads                  = 10                                        {product} {ergonomic}
   size_t G1HeapRegionSize                         = 1048576                                   {product} {ergonomic}
    uintx GCDrainStackTargetSize                   = 64                                        {product} {ergonomic}
   size_t InitialHeapSize                          = 264241152                                 {product} {ergonomic}
   size_t MarkStackSize                            = 4194304                                   {product} {ergonomic}
   size_t MaxHeapSize                              = 2147483648                                {product} {command line}
   size_t MaxNewSize                               = 1287651328                                {product} {ergonomic}
   size_t MinHeapDeltaBytes                        = 1048576                                   {product} {ergonomic}
   size_t MinHeapSize                              = 8388608                                   {product} {ergonomic}
    uintx NonNMethodCodeHeapSize                   = 5839372                                {pd product} {ergonomic}
    uintx NonProfiledCodeHeapSize                  = 122909434                              {pd product} {ergonomic}
    uintx ProfiledCodeHeapSize                     = 122909434                              {pd product} {ergonomic}
    uintx ReservedCodeCacheSize                    = 251658240                              {pd product} {ergonomic}
     bool SegmentedCodeCache                       = true                                      {product} {ergonomic}
   size_t SoftMaxHeapSize                          = 2147483648                             {manageable} {ergonomic}
     bool UseCompressedClassPointers               = true                           {product lp64_product} {ergonomic}
     bool UseCompressedOops                        = true                           {product lp64_product} {ergonomic}
     bool UseG1GC                                  = true                                      {product} {ergonomic}
     bool UseLargePagesIndividualAllocation        = false                                  {pd product} {ergonomic}

Logging:
Log output configuration:
 #0: stdout all=warning uptime,level,tags
 #1: stderr all=off uptime,level,tags

Environment Variables:
PATH=C:\Program Files\Common Files\Oracle\Java\javapath;C:\WINDOWS\system32;C:\WINDOWS;C:\WINDOWS\System32\Wbem;C:\WINDOWS\System32\WindowsPowerShell\v1.0\;C:\WINDOWS\System32\OpenSSH\;C:\Program Files\dotnet\;C:\Program Files\Git\cmd;C:\Program Files\nodejs\;C:\Program Files\PyManager\;C:\Program Files\Apache\apache-maven-3.9.11\bin;C:\Users\hb200\AppData\Local\Programs\Python\Python314\Scripts\;C:\Users\hb200\AppData\Local\Programs\Python\Python314\;C:\Users\hb200\AppData\Local\Programs\Python\Launcher\;C:\Users\hb200\AppData\Local\Microsoft\WindowsApps;C:\Users\hb200\AppData\Roaming\npm;C:\Users\hb200\AppData\Local\Programs\Antigravity\bin;C:\Users\hb200\AppData\Local\Programs\Antigravity IDE\bin;C:\Users\hb200\AppData\Local\Programs\Microsoft VS Code\bin
USERNAME=hb200
OS=Windows_NT
PROCESSOR_IDENTIFIER=Intel64 Family 6 Model 154 Stepping 4, GenuineIntel
TMP=C:\Users\hb200\AppData\Local\Temp
TEMP=C:\Users\hb200\AppData\Local\Temp



Periodic native trim disabled

JNI global refs:
JNI global refs: 28, weak refs: 2

JNI global refs memory usage: 843, weak refs: 841

OOME stack traces (most recent first):
Classloader memory used:
Loader org.gradle.internal.classloader.VisitableURLClassLoader                         : 14250K
Loader org.gradle.internal.classloader.VisitableURLClassLoader$InstrumentingVisitableURLClassLoader: 4936K
Loader bootstrap                                                                       : 3977K
Loader org.gradle.initialization.MixInLegacyTypesClassLoader                           : 1884K
Loader org.gradle.internal.classloader.VisitableURLClassLoader                         : 928K
Loader jdk.internal.reflect.DelegatingClassLoader                                      : 212K
Loader jdk.internal.loader.ClassLoaders$PlatformClassLoader                            : 105K
Loader jdk.internal.jrtfs.JrtFileSystemProvider$JrtFsLoader                            : 42279B
Loader jdk.internal.loader.ClassLoaders$AppClassLoader                                 : 28620B
Loader org.codehaus.groovy.runtime.callsite.CallSiteClassLoader                        : 10978B
Loader org.gradle.groovy.scripts.internal.DefaultScriptCompilationHandler$ScriptClassLoader: 10775B
Loader sun.reflect.misc.MethodUtil                                                     : 373B

Classes loaded by more than one classloader:
Class Program                                                                         : loaded 5 times (x 70B)
Class com.google.common.collect.RegularImmutableList                                  : loaded 3 times (x 172B)
Class com.google.common.base.CharMatcher$IsEither                                     : loaded 3 times (x 109B)
Class com.google.common.base.CharMatcher$AnyOf                                        : loaded 3 times (x 110B)
Class com.google.common.collect.ImmutableAsList                                       : loaded 3 times (x 169B)
Class com.google.common.collect.Platform                                              : loaded 3 times (x 69B)
Class com.google.common.collect.Iterators$MergingIterator                             : loaded 3 times (x 79B)
Class com.google.common.base.CharMatcher$JavaLetter                                   : loaded 3 times (x 109B)
Class com.google.common.base.CharMatcher$FastMatcher                                  : loaded 3 times (x 109B)
Class com.google.common.base.Joiner$2                                                 : loaded 3 times (x 77B)
Class com.google.common.base.Joiner$1                                                 : loaded 3 times (x 78B)
Class com.google.common.base.CharMatcher$Invisible                                    : loaded 3 times (x 110B)
Class com.google.common.collect.ImmutableMapEntry                                     : loaded 3 times (x 83B)
Class com.google.common.base.CharMatcher$NamedFastMatcher                             : loaded 3 times (x 110B)
Class com.google.common.base.AbstractIterator$State                                   : loaded 3 times (x 77B)
Class com.google.common.collect.ImmutableSet                                          : loaded 3 times (x 145B)
Class Build_gradle                                                                    : loaded 3 times (x 128B)
Class org.gradle.internal.Cast                                                        : loaded 3 times (x 69B)
Class com.google.common.collect.ImmutableBiMap                                        : loaded 3 times (x 142B)
Class [Lcom.google.common.collect.AbstractMapEntry;                                   : loaded 3 times (x 67B)
Class com.google.common.base.Objects                                                  : loaded 3 times (x 69B)
Class com.google.common.collect.SingletonImmutableList                                : loaded 3 times (x 167B)
Class com.google.common.collect.ImmutableMap$MapViewOfValuesAsSingletonSets           : loaded 3 times (x 123B)
Class com.google.common.base.CharMatcher$ForPredicate                                 : loaded 3 times (x 110B)
Class com.google.common.collect.ImmutableSet$Builder                                  : loaded 3 times (x 83B)
Class com.google.common.base.CharMatcher$Negated                                      : loaded 3 times (x 111B)
Class com.google.common.collect.ImmutableList$Builder                                 : loaded 3 times (x 75B)
Class com.google.common.collect.AbstractMapEntry                                      : loaded 3 times (x 79B)
Class com.google.common.collect.AbstractIterator                                      : loaded 3 times (x 80B)
Class com.google.common.base.CharMatcher$NegatedFastMatcher                           : loaded 3 times (x 111B)
Class com.google.common.base.CommonPattern                                            : loaded 3 times (x 72B)
Class com.google.common.collect.ImmutableCollection$Builder                           : loaded 3 times (x 74B)
Class com.google.common.base.CharMatcher$JavaLowerCase                                : loaded 3 times (x 109B)
Class com.google.common.collect.Iterables                                             : loaded 3 times (x 69B)
Class com.google.common.base.CharMatcher$JavaDigit                                    : loaded 3 times (x 109B)
Class com.google.common.base.CharMatcher$Or                                           : loaded 3 times (x 110B)
Class com.google.common.base.CharMatcher$Digit                                        : loaded 3 times (x 110B)
Class com.google.common.collect.AbstractMultimap                                      : loaded 3 times (x 121B)
Class com.google.common.collect.ImmutableMap$1                                        : loaded 3 times (x 79B)
Class com.google.common.base.CharMatcher$JavaIsoControl                               : loaded 3 times (x 110B)
Class com.google.common.collect.ImmutableSet$SetBuilderImpl                           : loaded 3 times (x 74B)
Class com.google.common.base.Splitter$1                                               : loaded 3 times (x 75B)
Class com.google.common.collect.ImmutableList$SubList                                 : loaded 3 times (x 168B)
Class com.google.common.base.CharMatcher$RangesMatcher                                : loaded 3 times (x 110B)
Class com.google.common.collect.ImmutableMapEntry$NonTerminalImmutableMapEntry        : loaded 3 times (x 83B)
Class org.gradle.api.Action                                                           : loaded 3 times (x 68B)
Class com.google.common.base.CharMatcher$Any                                          : loaded 3 times (x 110B)
Class com.google.common.base.ExtraObjectsMethodsForWeb                                : loaded 3 times (x 69B)
Class com.google.common.collect.IndexedImmutableSet                                   : loaded 3 times (x 148B)
Class com.google.common.base.CharMatcher$And                                          : loaded 3 times (x 110B)
Class org.gradle.api.UncheckedIOException                                             : loaded 3 times (x 80B)
Class com.google.common.base.CharMatcher$Ascii                                        : loaded 3 times (x 110B)
Class com.google.common.base.CharMatcher$1                                            : loaded 3 times (x 111B)
Class com.google.common.collect.ImmutableEntry                                        : loaded 3 times (x 80B)
Class com.google.common.collect.Lists$StringAsImmutableList                           : loaded 3 times (x 167B)
Class com.google.common.collect.Iterators                                             : loaded 3 times (x 69B)
Class com.google.common.base.AbstractIterator$1                                       : loaded 3 times (x 69B)
Class com.google.common.base.AbstractIterator                                         : loaded 3 times (x 78B)
Class com.google.common.collect.ImmutableMap$Builder                                  : loaded 3 times (x 78B)
Class com.google.common.collect.ImmutableMap$SerializedForm                           : loaded 3 times (x 71B)
Class [Lcom.google.common.base.AbstractIterator$State;                                : loaded 3 times (x 67B)
Class com.google.common.collect.SingletonImmutableSet                                 : loaded 3 times (x 146B)
Class com.google.common.collect.ImmutableBiMapFauxverideShim                          : loaded 3 times (x 118B)
Class com.google.common.collect.ImmutableMapEntrySet                                  : loaded 3 times (x 149B)
Class com.google.common.collect.ImmutableSetMultimap                                  : loaded 3 times (x 180B)
Class com.google.common.collect.PeekingIterator                                       : loaded 3 times (x 68B)
Class com.google.common.collect.RegularImmutableAsList                                : loaded 3 times (x 176B)
Class com.google.common.base.CharMatcher                                              : loaded 3 times (x 109B)
Class com.google.common.base.CharMatcher$Is                                           : loaded 3 times (x 109B)
Class Build_gradle$1                                                                  : loaded 3 times (x 72B)
Class com.google.common.base.CharMatcher$JavaUpperCase                                : loaded 3 times (x 109B)
Class com.google.common.base.CharMatcher$IsNot                                        : loaded 3 times (x 109B)
Class com.google.common.base.Splitter$SplittingIterator                               : loaded 3 times (x 82B)
Class [Lcom.google.common.collect.ImmutableEntry;                                     : loaded 3 times (x 67B)
Class com.google.common.collect.ImmutableSet$RegularSetBuilderImpl                    : loaded 3 times (x 75B)
Class com.google.common.base.Splitter$1$1                                             : loaded 3 times (x 84B)
Class [Lcom.google.common.collect.ImmutableMapEntry;                                  : loaded 3 times (x 67B)
Class com.google.common.collect.ImmutableMapEntrySet$RegularEntrySet                  : loaded 3 times (x 149B)
Class com.google.common.base.Splitter$Strategy                                        : loaded 3 times (x 68B)
Class com.google.common.collect.ImmutableList$1                                       : loaded 3 times (x 95B)
Class com.google.common.collect.UnmodifiableListIterator                              : loaded 3 times (x 93B)
Class com.google.common.collect.SetMultimap                                           : loaded 3 times (x 68B)
Class com.google.common.base.CharMatcher$None                                         : loaded 3 times (x 110B)
Class com.google.common.collect.AbstractIndexedListIterator                           : loaded 3 times (x 94B)
Class com.google.common.collect.RegularImmutableMap                                   : loaded 3 times (x 119B)
Class com.google.common.collect.CollectPreconditions                                  : loaded 3 times (x 69B)
Class com.google.common.base.Splitter                                                 : loaded 3 times (x 70B)
Class com.google.common.collect.RegularImmutableMap$KeySet                            : loaded 3 times (x 148B)
Class com.google.common.collect.Iterators$ArrayItr                                    : loaded 3 times (x 95B)
Class org.gradle.internal.IoActions                                                   : loaded 3 times (x 69B)
Class com.google.common.collect.Iterators$9                                           : loaded 3 times (x 79B)
Class com.google.common.base.Function                                                 : loaded 3 times (x 68B)
Class com.google.common.base.Preconditions                                            : loaded 3 times (x 69B)
Class com.google.common.base.Joiner                                                   : loaded 3 times (x 77B)
Class com.google.common.collect.Iterators$5                                           : loaded 3 times (x 80B)
Class com.google.common.collect.Iterators$4                                           : loaded 3 times (x 80B)
Class com.google.common.collect.BaseImmutableMultimap                                 : loaded 3 times (x 121B)
Class com.google.common.collect.Iterators$1                                           : loaded 3 times (x 79B)
Class com.google.common.base.CharMatcher$Whitespace                                   : loaded 3 times (x 110B)
Class com.google.common.base.CharMatcher$BitSetMatcher                                : loaded 3 times (x 110B)
Class com.google.common.collect.ImmutableList                                         : loaded 3 times (x 166B)
Class com.google.common.collect.ImmutableMap$IteratorBasedImmutableMap                : loaded 3 times (x 123B)
Class com.google.common.collect.Iterators$10                                          : loaded 3 times (x 79B)
Class com.google.common.collect.ObjectArrays                                          : loaded 3 times (x 69B)
Class com.google.common.collect.ImmutableList$ReverseImmutableList                    : loaded 3 times (x 168B)
Class com.google.common.collect.RegularImmutableMap$Values                            : loaded 3 times (x 167B)
Class com.google.common.collect.ImmutableCollection                                   : loaded 3 times (x 123B)
Class com.google.common.collect.ImmutableMap                                          : loaded 3 times (x 118B)
Class com.google.common.base.CharMatcher$JavaLetterOrDigit                            : loaded 3 times (x 109B)
Class org.gradle.api.GradleException                                                  : loaded 3 times (x 80B)
Class com.google.common.collect.Multimap                                              : loaded 3 times (x 68B)
Class com.google.common.base.JdkPattern                                               : loaded 3 times (x 73B)
Class com.google.common.base.CharMatcher$SingleWidth                                  : loaded 3 times (x 110B)
Class com.google.common.collect.UnmodifiableIterator                                  : loaded 3 times (x 78B)
Class com.google.common.collect.ImmutableMultimap                                     : loaded 3 times (x 145B)
Class com.google.common.collect.Lists                                                 : loaded 3 times (x 69B)
Class com.google.common.collect.BiMap                                                 : loaded 3 times (x 68B)
Class com.google.common.base.CharMatcher$InRange                                      : loaded 3 times (x 109B)
Class com.google.common.collect.RegularImmutableSet                                   : loaded 3 times (x 146B)
Class com.google.common.base.Predicate                                                : loaded 3 times (x 68B)
Class kotlin.io.FilesKt                                                               : loaded 2 times (x 69B)
Class [Lorg.jetbrains.kotlin.config.JvmDefaultMode;                                   : loaded 2 times (x 67B)
Class kotlin.collections.CollectionsKt__CollectionsKt                                 : loaded 2 times (x 69B)
Class kotlin.io.FileSystemException                                                   : loaded 2 times (x 80B)
Class com.google.common.base.Equivalence                                              : loaded 2 times (x 80B)
Class com.amazon.ion.impl.lite.ContainerlessContext                                   : loaded 2 times (x 78B)
Class kotlin.coroutines.jvm.internal.RestrictedSuspendLambda                          : loaded 2 times (x 89B)
Class com.google.common.primitives.Ints                                               : loaded 2 times (x 69B)
Class com.google.common.cache.LocalCache$EntryFactory$1                               : loaded 2 times (x 81B)
Class com.google.gson.stream.JsonReader$1                                             : loaded 2 times (x 70B)
Class org.gradle.tooling.model.build.JavaEnvironment                                  : loaded 2 times (x 68B)
Class org.gradle.tooling.internal.adapter.ProtocolToModelAdapter$PropertyCachingMethodInvoker: loaded 2 times (x 74B)
Class com.google.common.cache.LocalCache$EntryFactory$2                               : loaded 2 times (x 81B)
Class com.amazon.ion.IonDecimal                                                       : loaded 2 times (x 68B)
Class kotlin.collections.ArraysKt__ArraysKt                                           : loaded 2 times (x 69B)
Class com.google.common.cache.LocalCache$EntryFactory$3                               : loaded 2 times (x 81B)
Class com.google.common.cache.LocalCache$EntryFactory$4                               : loaded 2 times (x 81B)
Class org.gradle.tooling.internal.adapter.ProtocolToModelAdapter$NoOpDecoration       : loaded 2 times (x 77B)
Class com.google.common.cache.LocalCache$EntryFactory$5                               : loaded 2 times (x 81B)
Class com.google.common.cache.LocalCache$EntryFactory$6                               : loaded 2 times (x 81B)
Class com.google.common.reflect.TypeResolver$TypeVariableKey                          : loaded 2 times (x 70B)
Class com.google.common.cache.LocalCache$EntryFactory$7                               : loaded 2 times (x 81B)
Class org.gradle.internal.time.MonotonicClock                                         : loaded 2 times (x 75B)
Class com.google.common.cache.LocalCache$EntryFactory$8                               : loaded 2 times (x 81B)
Class org.gradle.tooling.internal.adapter.ProtocolToModelAdapter$SupportedPropertyInvoker: loaded 2 times (x 74B)
Class kotlin.reflect.KDeclarationContainer                                            : loaded 2 times (x 68B)
Class org.jetbrains.kotlin.config.JvmDefaultMode                                      : loaded 2 times (x 77B)
Class com.amazon.ion.impl.bin.IonRawBinaryWriter$PreallocationMode$1                  : loaded 2 times (x 79B)
Class kotlin.collections.ArrayDeque$Companion                                         : loaded 2 times (x 69B)
Class com.amazon.ion.impl.bin.IonRawBinaryWriter$PreallocationMode$2                  : loaded 2 times (x 79B)
Class com.google.common.cache.LocalCache$StrongValueReference                         : loaded 2 times (x 88B)
Class com.amazon.ion.impl.bin.IonRawBinaryWriter$PreallocationMode$3                  : loaded 2 times (x 79B)
Class kotlin.text.StringsKt                                                           : loaded 2 times (x 69B)
Class org.gradle.internal.classloader.FilteringClassLoader                            : loaded 2 times (x 103B)
Class com.amazon.ion.impl.lite.IonSymbolLite                                          : loaded 2 times (x 162B)
Class com.google.common.collect.AbstractMapBasedMultimap$WrappedCollection            : loaded 2 times (x 122B)
Class com.google.common.reflect.TypeResolver$TypeTable                                : loaded 2 times (x 71B)
Class com.amazon.ion.impl.lite.IonContext                                             : loaded 2 times (x 68B)
Class kotlin.collections.AbstractMutableList                                          : loaded 2 times (x 166B)
Class com.google.common.reflect.Invokable$MethodInvokable                             : loaded 2 times (x 120B)
Class kotlin.comparisons.ComparisonsKt                                                : loaded 2 times (x 69B)
Class jdk.internal.jimage.ImageReader$Resource                                        : loaded 2 times (x 82B)
Class org.jetbrains.plugins.gradle.tooling.serialization.SerializationService         : loaded 2 times (x 68B)
Class kotlin.jvm.internal.Lambda                                                      : loaded 2 times (x 73B)
Class org.gradle.tooling.model.idea.IdeaDependencyScope                               : loaded 2 times (x 68B)
Class jdk.internal.jrtfs.SystemImage                                                  : loaded 2 times (x 72B)
Class org.gradle.tooling.model.Model                                                  : loaded 2 times (x 68B)
Class [Lcom.google.common.cache.LocalCache$Strength;                                  : loaded 2 times (x 67B)
Class kotlin.reflect.KCallable                                                        : loaded 2 times (x 68B)
Class org.gradle.internal.classpath.DefaultClassPath$ImmutableUniqueList$Builder      : loaded 2 times (x 73B)
Class com.google.common.collect.AbstractRangeSet                                      : loaded 2 times (x 112B)
Class com.amazon.ion.impl.bin.IonManagedBinaryWriter$ImportedSymbolResolverMode$1$1   : loaded 2 times (x 76B)
Class kotlin.UninitializedPropertyAccessException                                     : loaded 2 times (x 80B)
Class com.amazon.ion.impl._Private_IonContainer                                       : loaded 2 times (x 68B)
Class com.google.common.collect.Maps$8                                                : loaded 2 times (x 80B)
Class com.android.utils.FileUtils                                                     : loaded 2 times (x 69B)
Class com.google.common.base.PatternCompiler                                          : loaded 2 times (x 68B)
Class [Lcom.google.common.cache.CacheBuilder$NullListener;                            : loaded 2 times (x 67B)
Class com.amazon.ion.IonBlob                                                          : loaded 2 times (x 68B)
Class kotlin.Result$Failure                                                           : loaded 2 times (x 70B)
Class com.google.common.collect.Maps$KeySet                                           : loaded 2 times (x 135B)
Class com.google.common.collect.ImmutableMultimap$EntryCollection                     : loaded 2 times (x 125B)
Class org.jetbrains.kotlin.idea.gradleTooling.KotlinSourceSetContainer                : loaded 2 times (x 68B)
Class kotlin.Result$Companion                                                         : loaded 2 times (x 69B)
Class com.google.common.collect.Sets$SetView                                          : loaded 2 times (x 136B)
Class com.android.builder.model.v2.ide.ProjectType                                    : loaded 2 times (x 77B)
Class com.android.builder.model.v2.models.ModelBuilderParameter                       : loaded 2 times (x 68B)
Class jdk.internal.jrtfs.JrtDirectoryStream$1                                         : loaded 2 times (x 81B)
Class kotlin.collections.IntIterator                                                  : loaded 2 times (x 80B)
Class org.objectweb.asm.AnnotationWriter                                              : loaded 2 times (x 76B)
Class com.amazon.ion.IonMutableCatalog                                                : loaded 2 times (x 68B)
Class com.google.common.math.IntMath$1                                                : loaded 2 times (x 69B)
Class kotlin.jvm.internal.markers.KMutableIterable                                    : loaded 2 times (x 68B)
Class org.gradle.internal.classloader.ClassLoaderVisitor                              : loaded 2 times (x 74B)
Class org.objectweb.asm.tree.InsnNode                                                 : loaded 2 times (x 76B)
Class org.objectweb.asm.Label                                                         : loaded 2 times (x 71B)
Class com.google.common.cache.CacheBuilder$NullListener                               : loaded 2 times (x 80B)
Class org.gradle.tooling.internal.adapter.ProtocolToModelAdapter$MethodInvocationCache$MethodInvocationKey: loaded 2 times (x 71B)
Class org.jetbrains.plugins.gradle.tooling.serialization.internal.adapter.Supplier    : loaded 2 times (x 68B)
Class com.android.builder.model.v2.models.Versions$Version                            : loaded 2 times (x 68B)
Class com.google.common.collect.ImmutableSortedSetFauxverideShim                      : loaded 2 times (x 145B)
Class com.amazon.ion.impl.SharedSymbolTable                                           : loaded 2 times (x 91B)
Class com.google.common.math.MathPreconditions                                        : loaded 2 times (x 69B)
Class gnu.trove.Equality                                                              : loaded 2 times (x 68B)
Class org.gradle.internal.time.DefaultCountdownTimer                                  : loaded 2 times (x 86B)
Class com.google.common.io.ByteStreams$1                                              : loaded 2 times (x 83B)
Class org.jetbrains.kotlin.cli.common.CompilerSystemProperties                        : loaded 2 times (x 78B)
Class [Lcom.amazon.ion.SymbolToken;                                                   : loaded 2 times (x 67B)
Class com.amazon.ion.impl.bin.IonManagedBinaryWriter$ImportedSymbolResolverMode       : loaded 2 times (x 78B)
Class kotlin.text.StringsKt__RegexExtensionsKt                                        : loaded 2 times (x 69B)
Class org.gradle.tooling.internal.adapter.CollectionMapper                            : loaded 2 times (x 71B)
Class com.amazon.ion.impl._Private_LocalSymbolTableFactory                            : loaded 2 times (x 68B)
Class com.android.builder.model.v2.ide.TestInfo                                       : loaded 2 times (x 68B)
Class org.gradle.internal.service.DefaultServiceLocator                               : loaded 2 times (x 81B)
Class com.amazon.ion.impl.lite.IonFloatLite                                           : loaded 2 times (x 153B)
Class kotlin.text.StringsKt__StringBuilderJVMKt                                       : loaded 2 times (x 69B)
Class org.gradle.internal.service.UnknownServiceException                             : loaded 2 times (x 81B)
Class org.jetbrains.plugins.gradle.model.ClasspathEntryModel                          : loaded 2 times (x 68B)
Class org.objectweb.asm.tree.LineNumberNode                                           : loaded 2 times (x 77B)
Class kotlin.collections.SetsKt___SetsKt                                              : loaded 2 times (x 69B)
Class com.google.common.util.concurrent.AbstractFuture$SynchronizedHelper             : loaded 2 times (x 74B)
Class com.google.common.collect.ArrayListMultimap                                     : loaded 2 times (x 170B)
Class com.amazon.ion.impl.lite.IonBlobLite                                            : loaded 2 times (x 159B)
Class kotlin.text.StringsKt__StringsJVMKt                                             : loaded 2 times (x 69B)
Class com.google.common.base.Strings                                                  : loaded 2 times (x 69B)
Class com.amazon.ion.IonClob                                                          : loaded 2 times (x 68B)
Class com.android.builder.model.v2.models.BasicAndroidProject                         : loaded 2 times (x 68B)
Class org.jetbrains.plugins.gradle.model.DependencyAccessorsModel                     : loaded 2 times (x 68B)
Class com.google.common.io.Closer                                                     : loaded 2 times (x 76B)
Class kotlin.collections.CollectionsKt___CollectionsKt$asSequence$$inlined$Sequence$1 : loaded 2 times (x 73B)
Class com.google.common.cache.CacheLoader$InvalidCacheLoadException                   : loaded 2 times (x 80B)
Class org.gradle.tooling.model.idea.IdeaCompilerOutput                                : loaded 2 times (x 68B)
Class org.gradle.internal.classloader.DefaultClassLoaderFactory                       : loaded 2 times (x 80B)
Class org.gradle.tooling.model.UnsupportedMethodException                             : loaded 2 times (x 80B)
Class jdk.internal.jimage.ImageReader$SharedImageReader                               : loaded 2 times (x 93B)
Class org.jetbrains.plugins.gradle.model.internal.TurnOffDefaultTasks                 : loaded 2 times (x 68B)
Class com.google.common.collect.Sets$2$1                                              : loaded 2 times (x 80B)
Class com.google.common.base.Stopwatch                                                : loaded 2 times (x 70B)
Class com.google.common.reflect.Types                                                 : loaded 2 times (x 69B)
Class com.google.common.base.Platform$JdkPatternCompiler                              : loaded 2 times (x 73B)
Class com.amazon.ion.UnsupportedIonVersionException                                   : loaded 2 times (x 83B)
Class org.jetbrains.plugins.gradle.tooling.ModelBuilderService$Parameter              : loaded 2 times (x 68B)
Class com.google.common.collect.Table                                                 : loaded 2 times (x 68B)
Class com.android.builder.model.v2.ide.AndroidArtifact                                : loaded 2 times (x 68B)
Class com.google.common.cache.LocalCache$LoadingValueReference                        : loaded 2 times (x 94B)
Class kotlin.collections.CollectionsKt__MutableCollectionsKt                          : loaded 2 times (x 69B)
Class org.gradle.tooling.internal.adapter.ProtocolToModelAdapter$DefaultViewBuilder   : loaded 2 times (x 78B)
Class kotlin.ResultKt                                                                 : loaded 2 times (x 69B)
Class com.amazon.ion.impl.bin.IonRawBinaryWriter$PatchList$Node                       : loaded 2 times (x 70B)
Class com.android.builder.model.v2.ide.AndroidGradlePluginProjectFlags$BooleanFlag    : loaded 2 times (x 77B)
Class com.android.builder.model.v2.ide.CodeShrinker                                   : loaded 2 times (x 77B)
Class com.google.common.collect.Hashing                                               : loaded 2 times (x 69B)
Class com.google.common.io.ByteStreams$LimitedInputStream                             : loaded 2 times (x 90B)
Class com.amazon.ion.impl.LocalSymbolTable                                            : loaded 2 times (x 115B)
Class org.jetbrains.plugins.gradle.model.internal.DummyModel                          : loaded 2 times (x 68B)
Class org.jetbrains.plugins.gradle.model.GradleExtensions                             : loaded 2 times (x 68B)
Class com.google.common.collect.ImmutableRangeSet$ComplementRanges                    : loaded 2 times (x 167B)
Class org.objectweb.asm.Context                                                       : loaded 2 times (x 70B)
Class ijInit1_as8vqj95yr7qfn1k8o9pzqdsg                                               : loaded 2 times (x 177B)
Class org.jetbrains.plugins.gradle.tooling.serialization.GradleExtensionsSerializationService$WriteContext: loaded 2 times (x 70B)
Class [Lcom.google.common.reflect.Types$ClassOwnership;                               : loaded 2 times (x 67B)
Class kotlin.collections.CollectionsKt__ReversedViewsKt                               : loaded 2 times (x 69B)
Class org.objectweb.asm.tree.AbstractInsnNode                                         : loaded 2 times (x 76B)
Class com.google.common.base.Converter                                                : loaded 2 times (x 88B)
Class org.jetbrains.kotlin.config.LanguageFeature                                     : loaded 2 times (x 78B)
Class jdk.internal.jimage.decompressor.ZipDecompressorFactory                         : loaded 2 times (x 72B)
Class com.amazon.ion.impl.LocalSymbolTableAsStruct$Factory                            : loaded 2 times (x 77B)
Class org.gradle.internal.impldep.gnu.trove.PrimeFinder                               : loaded 2 times (x 69B)
Class com.google.common.base.FunctionalEquivalence                                    : loaded 2 times (x 81B)
Class com.amazon.ion.impl.bin.IonRawBinaryWriter$PatchList                            : loaded 2 times (x 83B)
Class org.jetbrains.kotlin.config.AnalysisFlag                                        : loaded 2 times (x 70B)
Class org.objectweb.asm.AnnotationVisitor                                             : loaded 2 times (x 75B)
Class org.objectweb.asm.RecordComponentWriter                                         : loaded 2 times (x 76B)
Class com.amazon.ion.impl.bin.Symbols                                                 : loaded 2 times (x 69B)
Class kotlin.sequences.SequenceScope                                                  : loaded 2 times (x 71B)
Class com.google.common.cache.LocalCache$1                                            : loaded 2 times (x 87B)
Class com.google.common.cache.LocalCache$2                                            : loaded 2 times (x 140B)
Class com.amazon.ion.impl.IonWriterSystemText                                         : loaded 2 times (x 188B)
Class kotlin.collections.AbstractIterator$WhenMappings                                : loaded 2 times (x 69B)
Class com.google.common.collect.RegularImmutableBiMap                                 : loaded 2 times (x 147B)
Class com.android.builder.model.v2.ide.TestedTargetVariant                            : loaded 2 times (x 68B)
Class kotlin.sequences.SequencesKt__SequenceBuilderKt                                 : loaded 2 times (x 69B)
Class org.jetbrains.plugins.gradle.tooling.serialization.internal.IdeaProjectSerializationService$WriteContext$1: loaded 2 times (x 81B)
Class org.objectweb.asm.tree.LdcInsnNode                                              : loaded 2 times (x 76B)
Class org.jetbrains.plugins.gradle.tooling.serialization.internal.IdeaProjectSerializationService$WriteContext$2: loaded 2 times (x 81B)
Class org.jetbrains.plugins.gradle.model.VersionCatalogsModel                         : loaded 2 times (x 68B)
Class org.jetbrains.plugins.gradle.tooling.serialization.internal.IdeaProjectSerializationService$WriteContext$3: loaded 2 times (x 81B)
Class org.jetbrains.kotlin.idea.gradleTooling.AndroidAwareGradleModelProvider$Companion: loaded 2 times (x 69B)
Class org.jetbrains.plugins.gradle.tooling.serialization.internal.IdeaProjectSerializationService$WriteContext$4: loaded 2 times (x 81B)
Class kotlin.text.StringsKt__StringNumberConversionsKt                                : loaded 2 times (x 69B)
Class org.gradle.internal.classloader.VisitableURLClassLoader$Spec                    : loaded 2 times (x 72B)
Class org.objectweb.asm.tree.TypeInsnNode                                             : loaded 2 times (x 77B)
Class org.jetbrains.plugins.gradle.tooling.serialization.internal.IdeaProjectSerializationService$WriteContext$5: loaded 2 times (x 81B)
Class org.gradle.tooling.model.ProjectModel                                           : loaded 2 times (x 68B)
Class org.gradle.internal.impldep.gnu.trove.TObjectIdentityHashingStrategy            : loaded 2 times (x 76B)
Class org.jetbrains.plugins.gradle.tooling.serialization.internal.IdeaProjectSerializationService$WriteContext$6: loaded 2 times (x 81B)
Class kotlin.jvm.internal.CallableReference                                           : loaded 2 times (x 104B)
Class org.jetbrains.kotlin.config.JVMAssertionsMode$Companion                         : loaded 2 times (x 69B)
Class org.jetbrains.plugins.gradle.tooling.serialization.internal.IdeaProjectSerializationService$WriteContext$7: loaded 2 times (x 81B)
Class org.gradle.tooling.internal.gradle.DefaultProjectIdentifier                     : loaded 2 times (x 84B)
Class org.jetbrains.plugins.gradle.tooling.serialization.internal.IdeaProjectSerializationService$WriteContext$8: loaded 2 times (x 81B)
Class com.intellij.util.containers.IntObjectHashMap                                   : loaded 2 times (x 70B)
Class org.gradle.api.internal.classpath.ModuleRegistry                                : loaded 2 times (x 68B)
Class kotlin.KotlinNothingValueException                                              : loaded 2 times (x 80B)
Class org.jetbrains.kotlin.cli.common.messages.MessageCollector                       : loaded 2 times (x 68B)
Class com.google.common.reflect.TypeToken$1                                           : loaded 2 times (x 123B)
Class com.google.common.cache.CacheBuilder                                            : loaded 2 times (x 70B)
Class com.google.common.reflect.TypeToken$2                                           : loaded 2 times (x 123B)
Class org.objectweb.asm.ByteVector                                                    : loaded 2 times (x 76B)
Class com.google.common.io.Files$FileByteSource                                       : loaded 2 times (x 83B)
Class com.amazon.ion.impl.bin.PooledBlockAllocatorProvider$PooledBlockAllocator       : loaded 2 times (x 79B)
Class com.android.builder.model.v2.ide.LibraryType                                    : loaded 2 times (x 77B)
Class org.jetbrains.plugins.gradle.model.RepositoriesModel                            : loaded 2 times (x 68B)
Class org.gradle.api.JavaVersion                                                      : loaded 2 times (x 77B)
Class kotlin.jvm.internal.markers.KMutableCollection                                  : loaded 2 times (x 68B)
Class com.google.common.collect.ImmutableRangeSet                                     : loaded 2 times (x 113B)
Class org.objectweb.asm.tree.LookupSwitchInsnNode                                     : loaded 2 times (x 76B)
Class com.google.common.base.PairwiseEquivalence                                      : loaded 2 times (x 81B)
Class com.google.common.base.Ticker                                                   : loaded 2 times (x 70B)
Class kotlin.jvm.internal.markers.KMappedMarker                                       : loaded 2 times (x 68B)
Class com.amazon.ion.impl.bin.WriteBuffer                                             : loaded 2 times (x 76B)
Class org.gradle.tooling.internal.adapter.TypeInspector                               : loaded 2 times (x 71B)
Class org.gradle.api.internal.ClassPathProvider                                       : loaded 2 times (x 68B)
Class com.google.common.base.Ascii                                                    : loaded 2 times (x 69B)
Class kotlin.ranges.IntProgression                                                    : loaded 2 times (x 79B)
Class org.objectweb.asm.ModuleWriter                                                  : loaded 2 times (x 79B)
Class org.gradle.internal.classloader.ClasspathUtil$1                                 : loaded 2 times (x 74B)
Class com.android.builder.model.v2.dsl.DependenciesInfo                               : loaded 2 times (x 68B)
Class org.jetbrains.plugins.gradle.tooling.serialization.ExternalTestsSerializationService$ReadContext: loaded 2 times (x 70B)
Class com.google.common.collect.ImmutableEnumMap                                      : loaded 2 times (x 123B)
Class org.gradle.tooling.model.DomainObjectSet                                        : loaded 2 times (x 68B)
Class org.objectweb.asm.tree.MultiANewArrayInsnNode                                   : loaded 2 times (x 77B)
Class org.objectweb.asm.tree.MethodInsnNode                                           : loaded 2 times (x 78B)
Class com.amazon.ion.IonSymbol                                                        : loaded 2 times (x 68B)
Class org.jetbrains.plugins.gradle.model.ExternalProjectDependency                    : loaded 2 times (x 68B)
Class org.jetbrains.plugins.gradle.model.ExternalSourceSet                            : loaded 2 times (x 68B)
Class kotlin.sequences.TransformingSequence                                           : loaded 2 times (x 73B)
Class com.google.common.reflect.Reflection                                            : loaded 2 times (x 69B)
Class org.objectweb.asm.tree.FieldNode                                                : loaded 2 times (x 77B)
Class [Lorg.jetbrains.kotlin.utils.DescriptionAware;                                  : loaded 2 times (x 67B)
Class kotlin.collections.CollectionsKt__MutableCollectionsJVMKt                       : loaded 2 times (x 69B)
Class [Lorg.jetbrains.kotlin.config.ExplicitApiMode;                                  : loaded 2 times (x 67B)
Class kotlin.collections.EmptyList                                                    : loaded 2 times (x 134B)
Class com.google.common.cache.AbstractCache$StatsCounter                              : loaded 2 times (x 68B)
Class org.objectweb.asm.FieldVisitor                                                  : loaded 2 times (x 74B)
Class com.android.builder.model.v2.dsl.ProductFlavor                                  : loaded 2 times (x 68B)
Class org.objectweb.asm.Symbol                                                        : loaded 2 times (x 71B)
Class com.android.builder.model.v2.ide.ApiVersion                                     : loaded 2 times (x 68B)
Class com.amazon.ion.impl.bin.BlockAllocator                                          : loaded 2 times (x 78B)
Class com.google.common.reflect.TypeToken                                             : loaded 2 times (x 71B)
Class com.google.common.cache.LocalCache$Strength$1                                   : loaded 2 times (x 79B)
Class com.amazon.ion.IonCatalog                                                       : loaded 2 times (x 68B)
Class com.google.common.collect.EmptyImmutableListMultimap                            : loaded 2 times (x 176B)
Class com.google.common.cache.LocalCache$Strength$2                                   : loaded 2 times (x 79B)
Class com.google.common.cache.LocalCache$Strength$3                                   : loaded 2 times (x 79B)
Class org.gradle.internal.classloader.ClassLoaderFactory                              : loaded 2 times (x 68B)
Class com.amazon.ion.impl.bin.IonManagedBinaryWriter$LocalSymbolTableView             : loaded 2 times (x 105B)
Class kotlin.text.MatchNamedGroupCollection                                           : loaded 2 times (x 68B)
Class com.google.common.util.concurrent.AbstractFuture$Waiter                         : loaded 2 times (x 70B)
Class org.objectweb.asm.tree.Util                                                     : loaded 2 times (x 69B)
Class com.amazon.ion.system.IonWriterBuilder                                          : loaded 2 times (x 72B)
Class kotlin.jvm.internal.FunctionReference                                           : loaded 2 times (x 120B)
Class com.google.common.util.concurrent.Uninterruptibles                              : loaded 2 times (x 69B)
Class org.gradle.internal.exceptions.DefaultMultiCauseException                       : loaded 2 times (x 89B)
Class kotlin.coroutines.EmptyCoroutineContext                                         : loaded 2 times (x 75B)
Class jdk.internal.jimage.ImageHeader                                                 : loaded 2 times (x 69B)
Class com.amazon.ion.impl.lite.IonListLite                                            : loaded 2 times (x 457B)
Class com.android.ide.common.repository.GradleVersion                                 : loaded 2 times (x 92B)
Class com.google.common.collect.Iterators$EmptyModifiableIterator                     : loaded 2 times (x 84B)
Class com.amazon.ion.impl.bin._Private_IonManagedWriter                               : loaded 2 times (x 68B)
Class org.jetbrains.plugins.gradle.model.FileCollectionDependency                     : loaded 2 times (x 68B)
Class org.gradle.api.internal.classpath.ManifestUtil                                  : loaded 2 times (x 69B)
Class org.gradle.api.specs.Spec                                                       : loaded 2 times (x 68B)
Class com.google.common.collect.RangeSet                                              : loaded 2 times (x 68B)
Class com.google.common.cache.CacheLoader$UnsupportedLoadingOperationException        : loaded 2 times (x 80B)
Class kotlin.jvm.internal.Intrinsics                                                  : loaded 2 times (x 69B)
Class com.android.builder.model.v2.dsl.BaseConfig                                     : loaded 2 times (x 68B)
Class com.amazon.ion.impl.bin._Private_IonManagedBinaryWriterBuilder                  : loaded 2 times (x 70B)
Class org.jetbrains.kotlin.com.intellij.util.xmlb.annotations.Transient               : loaded 2 times (x 68B)
Class com.android.builder.model.ProjectSyncIssues                                     : loaded 2 times (x 68B)
Class com.google.common.util.concurrent.ListenableFuture                              : loaded 2 times (x 68B)
Class com.amazon.ion.impl.lite._Private_LiteDomTrampoline                             : loaded 2 times (x 69B)
Class com.amazon.ion.impl.lite.IonValueLite                                           : loaded 2 times (x 143B)
Class com.amazon.ion.IonValue                                                         : loaded 2 times (x 68B)
Class com.amazon.ion.impl.bin.PooledBlockAllocatorProvider$PooledBlockAllocator$1     : loaded 2 times (x 77B)
Class com.amazon.ion.system.IonReaderBuilder$Mutable                                  : loaded 2 times (x 83B)
Class org.gradle.tooling.internal.gradle.GradleBuildIdentity                          : loaded 2 times (x 68B)
Class kotlin.jvm.internal.ArrayIterator                                               : loaded 2 times (x 77B)
Class kotlin.text.StringsKt___StringsJvmKt                                            : loaded 2 times (x 69B)
Class org.gradle.tooling.internal.adapter.ProtocolToModelAdapter$ReflectionMethodInvoker: loaded 2 times (x 74B)
Class jdk.internal.jrtfs.SystemImage$2                                                : loaded 2 times (x 74B)
Class org.jetbrains.plugins.gradle.model.GradleConfiguration                          : loaded 2 times (x 68B)
Class com.google.common.util.concurrent.AbstractFuture$Failure                        : loaded 2 times (x 70B)
Class jdk.internal.jrtfs.SystemImage$1                                                : loaded 2 times (x 76B)
Class com.google.common.collect.RegularImmutableMap$BucketOverflowException           : loaded 2 times (x 80B)
Class org.objectweb.asm.Type                                                          : loaded 2 times (x 70B)
Class kotlin.ranges.OpenEndRange                                                      : loaded 2 times (x 68B)
Class com.google.common.util.concurrent.AbstractFuture$UnsafeAtomicHelper             : loaded 2 times (x 74B)
Class com.google.common.cache.LocalCache$AbstractReferenceEntry                       : loaded 2 times (x 105B)
Class com.google.common.base.Equivalence$Equals                                       : loaded 2 times (x 80B)
Class org.gradle.internal.installation.GradleInstallation$1                           : loaded 2 times (x 73B)
Class org.gradle.api.internal.DefaultClassPathProvider                                : loaded 2 times (x 74B)
Class org.jetbrains.kotlin.idea.gradleTooling.KotlinMPPGradleModel                    : loaded 2 times (x 68B)
Class com.amazon.ion.impl.bin.PooledBlockAllocatorProvider                            : loaded 2 times (x 71B)
Class kotlin.coroutines.CoroutineContext                                              : loaded 2 times (x 68B)
Class com.amazon.ion.SymbolToken                                                      : loaded 2 times (x 68B)
Class kotlin.jvm.internal.Intrinsics$Kotlin                                           : loaded 2 times (x 69B)
Class com.amazon.ion.impl.lite.IonSequenceLite                                        : loaded 2 times (x 393B)
Class com.amazon.ion.IonList                                                          : loaded 2 times (x 68B)
Class com.google.common.cache.LocalCache$Segment                                      : loaded 2 times (x 152B)
Class com.android.builder.model.v2.ide.JavaArtifact                                   : loaded 2 times (x 68B)
Class com.android.builder.model.v2.dsl.SigningConfig                                  : loaded 2 times (x 68B)
Class org.gradle.tooling.GradleConnectionException                                    : loaded 2 times (x 80B)
Class org.jetbrains.kotlin.config.LanguageFeature$State                               : loaded 2 times (x 80B)
Class org.jetbrains.plugins.gradle.model.FilePatternSet                               : loaded 2 times (x 68B)
Class com.amazon.ion.impl._Private_IonWriter                                          : loaded 2 times (x 68B)
Class com.android.builder.model.v2.ide.ArtifactDependencies                           : loaded 2 times (x 68B)
Class kotlin.collections.ArrayDeque                                                   : loaded 2 times (x 167B)
Class [Lorg.objectweb.asm.tree.AbstractInsnNode;                                      : loaded 2 times (x 67B)
Class com.google.common.cache.ReferenceEntry                                          : loaded 2 times (x 68B)
Class org.gradle.tooling.internal.adapter.ObjectGraphAdapter                          : loaded 2 times (x 68B)
Class [Lcom.google.common.cache.Weigher;                                              : loaded 2 times (x 67B)
Class [Lcom.android.builder.model.v2.ide.ProjectType;                                 : loaded 2 times (x 67B)
Class com.google.common.primitives.IntsMethodsForWeb                                  : loaded 2 times (x 69B)
Class kotlin.sequences.SequencesKt                                                    : loaded 2 times (x 69B)
Class com.google.common.collect.RangeGwtSerializationDependencies                     : loaded 2 times (x 69B)
Class com.amazon.ion.impl.lite.IonLoaderLite                                          : loaded 2 times (x 80B)
Class kotlin.collections.EmptyIterator                                                : loaded 2 times (x 87B)
Class com.google.common.collect.Maps                                                  : loaded 2 times (x 69B)
Class com.amazon.ion.impl._Private_ByteTransferSink                                   : loaded 2 times (x 68B)
Class com.amazon.ion.IonReader                                                        : loaded 2 times (x 68B)
Class com.android.ide.gradle.model.ArtifactIdentifierImpl                             : loaded 2 times (x 75B)
Class [Lcom.amazon.ion.SymbolTable;                                                   : loaded 2 times (x 67B)
Class jdk.internal.jimage.decompressor.StringSharingDecompressorFactory               : loaded 2 times (x 72B)
Class com.amazon.ion.impl._Private_IonValue                                           : loaded 2 times (x 68B)
Class com.android.ide.gradle.model.LegacyV1AgpVersionModel                            : loaded 2 times (x 68B)
Class org.objectweb.asm.tree.ModuleNode                                               : loaded 2 times (x 80B)
Class kotlin.jvm.internal.FunctionReferenceImpl                                       : loaded 2 times (x 120B)
Class com.google.common.collect.ImmutableMultimap$Builder                             : loaded 2 times (x 81B)
Class kotlin.comparisons.ComparisonsKt___ComparisonsJvmKt                             : loaded 2 times (x 69B)
Class com.android.builder.model.v2.ide.VectorDrawablesOptions                         : loaded 2 times (x 68B)
Class com.android.builder.model.v2.ide.JavaCompileOptions                             : loaded 2 times (x 68B)
Class [Lcom.android.builder.model.v2.ide.TestInfo$Execution;                          : loaded 2 times (x 67B)
Class gnu.trove.TObjectHashingStrategy                                                : loaded 2 times (x 68B)
Class [Lorg.objectweb.asm.Attribute;                                                  : loaded 2 times (x 67B)
Class com.android.builder.model.v2.ide.TestInfo$Execution                             : loaded 2 times (x 77B)
Class org.gradle.api.internal.classpath.EffectiveClassPath                            : loaded 2 times (x 88B)
Class kotlin.jvm.internal.markers.KMutableList                                        : loaded 2 times (x 68B)
Class com.amazon.ion.impl.bin.IonRawBinaryWriter$StreamFlushMode                      : loaded 2 times (x 77B)
Class com.amazon.ion.impl._Private_ValueFactory                                       : loaded 2 times (x 68B)
Class com.google.common.io.Files                                                      : loaded 2 times (x 69B)
Class kotlin.jvm.internal.DefaultConstructorMarker                                    : loaded 2 times (x 69B)
Class com.amazon.ion.impl.lite.IonBoolLite                                            : loaded 2 times (x 149B)
Class com.google.common.cache.CacheLoader$FunctionToCacheLoader                       : loaded 2 times (x 73B)
Class kotlin.text.MatchGroupCollection                                                : loaded 2 times (x 68B)
Class com.google.common.cache.CacheBuilder$1                                          : loaded 2 times (x 83B)
Class com.google.common.cache.CacheBuilder$2                                          : loaded 2 times (x 77B)
Class org.jetbrains.kotlin.tooling.core.Extras                                        : loaded 2 times (x 68B)
Class com.google.common.collect.Maps$IteratorBasedAbstractMap                         : loaded 2 times (x 123B)
Class com.google.common.cache.CacheBuilder$3                                          : loaded 2 times (x 70B)
Class com.amazon.ion.IonSexp                                                          : loaded 2 times (x 68B)
Class com.amazon.ion.impl.lite.IonSystemLite                                          : loaded 2 times (x 273B)
Class org.objectweb.asm.tree.IincInsnNode                                             : loaded 2 times (x 76B)
Class com.android.builder.model.v2.models.Versions                                    : loaded 2 times (x 68B)
Class org.gradle.internal.impldep.gnu.trove.THash                                     : loaded 2 times (x 79B)
Class [Lcom.google.common.cache.RemovalListener;                                      : loaded 2 times (x 67B)
Class org.jetbrains.kotlin.config.MavenComparableVersion$IntegerItem                  : loaded 2 times (x 78B)
Class org.gradle.tooling.model.idea.IdeaDependency                                    : loaded 2 times (x 68B)
Class org.jetbrains.kotlin.idea.gradleTooling.model.annotation.AnnotationBasedPluginModel: loaded 2 times (x 68B)
Class com.amazon.ion.impl.bin.IonManagedBinaryWriter$SymbolResolverBuilder            : loaded 2 times (x 68B)
Class org.jetbrains.kotlin.idea.gradleTooling.model.assignment.AssignmentModel        : loaded 2 times (x 68B)
Class com.android.builder.model.v2.models.VariantDependencies                         : loaded 2 times (x 68B)
Class kotlin.sequences.SequencesKt___SequencesKt$filterNotNull$1                      : loaded 2 times (x 76B)
Class org.jetbrains.plugins.gradle.tooling.serialization.ExternalProjectSerializationService: loaded 2 times (x 75B)
Class org.gradle.internal.installation.CurrentGradleInstallation                      : loaded 2 times (x 71B)
Class org.gradle.internal.agents.InstrumentingClassLoader                             : loaded 2 times (x 68B)
Class org.gradle.internal.installation.CurrentGradleInstallationLocator               : loaded 2 times (x 69B)
Class [Lcom.google.common.cache.LocalCache$Segment;                                   : loaded 2 times (x 67B)
Class com.amazon.ion.impl.LocalSymbolTableAsStruct                                    : loaded 2 times (x 117B)
Class com.amazon.ion.impl.lite.IonClobLite                                            : loaded 2 times (x 160B)
Class kotlin.collections.CollectionsKt__IteratorsJVMKt                                : loaded 2 times (x 69B)
Class org.gradle.api.internal.classpath.Module                                        : loaded 2 times (x 68B)
Class com.google.common.collect.ImmutableSortedSet                                    : loaded 2 times (x 233B)
Class [Lcom.amazon.ion.impl.bin.IonRawBinaryWriter$PreallocationMode;                 : loaded 2 times (x 67B)
Class com.amazon.ion.impl.bin.AbstractSymbolTable                                     : loaded 2 times (x 105B)
Class kotlin.sequences.FilteringSequence                                              : loaded 2 times (x 73B)
Class com.google.common.collect.RegularImmutableSortedSet                             : loaded 2 times (x 233B)
Class org.jetbrains.plugins.gradle.tooling.serialization.ProjectDependenciesSerializationService$ReadContext: loaded 2 times (x 70B)
Class org.jetbrains.plugins.gradle.tooling.serialization.internal.IdeaProjectSerializationService$WriteContext: loaded 2 times (x 70B)
Class kotlin.sequences.DistinctSequence                                               : loaded 2 times (x 73B)
Class org.gradle.tooling.internal.adapter.ViewBuilder                                 : loaded 2 times (x 68B)
Class com.amazon.ion.impl.lite.IonNullLite                                            : loaded 2 times (x 146B)
Class org.gradle.tooling.internal.adapter.ProtocolToModelAdapter                      : loaded 2 times (x 78B)
Class kotlin.sequences.SequencesKt__SequencesKt                                       : loaded 2 times (x 69B)
Class kotlin.sequences.SequencesKt__SequencesJVMKt                                    : loaded 2 times (x 69B)
Class com.google.common.collect.ImmutableSet$JdkBackedSetBuilderImpl                  : loaded 2 times (x 74B)
Class [Lcom.amazon.ion.IonType;                                                       : loaded 2 times (x 67B)
Class org.gradle.tooling.internal.adapter.WeakIdentityHashMap$WeakKey                 : loaded 2 times (x 77B)
Class com.google.common.reflect.Types$TypeVariableInvocationHandler                   : loaded 2 times (x 73B)
Class com.google.common.reflect.Types$ClassOwnership                                  : loaded 2 times (x 78B)
Class [Lorg.jetbrains.kotlin.config.LanguageOrApiVersion;                             : loaded 2 times (x 67B)
Class kotlin.sequences.SequenceBuilderIterator                                        : loaded 2 times (x 83B)
Class com.amazon.ion.UnknownSymbolException                                           : loaded 2 times (x 84B)
Class [Lorg.objectweb.asm.AnnotationWriter;                                           : loaded 2 times (x 67B)
Class org.gradle.internal.service.CachingServiceLocator                               : loaded 2 times (x 80B)
Class com.google.common.collect.Streams                                               : loaded 2 times (x 69B)
Class com.amazon.ion.IonSystem                                                        : loaded 2 times (x 68B)
Class kotlin.NoWhenBranchMatchedException                                             : loaded 2 times (x 80B)
Class org.gradle.internal.time.Timer                                                  : loaded 2 times (x 68B)
Class [Lkotlin.collections.State;                                                     : loaded 2 times (x 67B)
Class com.amazon.ion.impl.bin.IonRawBinaryWriter$RecyclingStack$ElementFactory        : loaded 2 times (x 68B)
Class org.jetbrains.plugins.gradle.model.tests.ExternalTestsModel                     : loaded 2 times (x 68B)
Class org.jetbrains.kotlin.idea.gradleTooling.KotlinDslScriptAdditionalTask           : loaded 2 times (x 68B)
Class kotlin.text.StringsKt__StringBuilderKt                                          : loaded 2 times (x 69B)
Class org.jetbrains.plugins.gradle.tooling.util.ObjectCollector                       : loaded 2 times (x 70B)
Class kotlin.sequences.FilteringSequence$iterator$1                                   : loaded 2 times (x 77B)
Class com.google.common.collect.Sets$ImprovedAbstractSet                              : loaded 2 times (x 133B)
Class org.gradle.internal.classpath.DefaultClassPath                                  : loaded 2 times (x 88B)
Class kotlin.sequences.FlatteningSequence                                             : loaded 2 times (x 73B)
Class kotlin.Result                                                                   : loaded 2 times (x 70B)
Class org.gradle.internal.impldep.gnu.trove.TObjectHash$NULL                          : loaded 2 times (x 69B)
Class com.google.common.util.concurrent.AbstractFuture$SetFuture                      : loaded 2 times (x 73B)
Class kotlin.collections.CollectionsKt__CollectionsJVMKt                              : loaded 2 times (x 69B)
Class org.jetbrains.plugins.gradle.tooling.serialization.GradleExtensionsSerializationService$ReadContext: loaded 2 times (x 70B)
Class kotlin.sequences.SequencesKt___SequencesKt                                      : loaded 2 times (x 69B)
Class org.jetbrains.plugins.gradle.tooling.serialization.internal.IdeaProjectSerializationService: loaded 2 times (x 75B)
Class com.google.common.collect.CollectCollectors                                     : loaded 2 times (x 69B)
Class org.gradle.internal.impldep.gnu.trove.TObjectIntHashMap                         : loaded 2 times (x 107B)
Class org.gradle.tooling.model.idea.IdeaProject                                       : loaded 2 times (x 68B)
Class kotlin.jvm.internal.Ref$BooleanRef                                              : loaded 2 times (x 69B)
Class com.android.builder.model.v2.ide.ProjectInfo                                    : loaded 2 times (x 68B)
Class org.gradle.tooling.model.Element                                                : loaded 2 times (x 68B)
Class com.android.builder.model.v2.ide.PrivacySandboxSdkInfo                          : loaded 2 times (x 68B)
Class kotlin.sequences.FlatteningSequence$iterator$1                                  : loaded 2 times (x 77B)
Class [Lcom.amazon.ion.impl.bin.IonManagedBinaryWriter$SymbolState;                   : loaded 2 times (x 67B)
Class jdk.internal.jimage.BasicImageReader                                            : loaded 2 times (x 93B)
Class kotlin.collections.SetsKt__SetsJVMKt                                            : loaded 2 times (x 69B)
Class com.google.common.collect.TransformedIterator                                   : loaded 2 times (x 78B)
Class com.amazon.ion.IonLob                                                           : loaded 2 times (x 68B)
Class kotlin.collections.MapsKt___MapsJvmKt                                           : loaded 2 times (x 69B)
Class org.jetbrains.plugins.gradle.model.ExternalLibraryDependency                    : loaded 2 times (x 68B)
Class com.amazon.ion.impl.lite.IonContainerLite                                       : loaded 2 times (x 244B)
Class org.gradle.internal.impldep.gnu.trove.TObjectHash                               : loaded 2 times (x 92B)
Class com.google.common.collect.ImmutableMultisetGwtSerializationDependencies         : loaded 2 times (x 123B)
Class [Lcom.amazon.ion.impl.bin.IonRawBinaryWriter$StreamFlushMode;                   : loaded 2 times (x 67B)
Class com.google.common.reflect.TypeParameter                                         : loaded 2 times (x 70B)
Class jdk.internal.jimage.ImageBufferCache$2                                          : loaded 2 times (x 89B)
Class com.google.common.collect.ImmutableListMultimap                                 : loaded 2 times (x 176B)
Class com.google.common.cache.LocalCache$LocalManualCache$1                           : loaded 2 times (x 73B)
Class jdk.internal.jimage.ImageBufferCache$1                                          : loaded 2 times (x 78B)
Class [Lorg.gradle.api.JavaVersion;                                                   : loaded 2 times (x 67B)
Class kotlin.ranges.IntProgressionIterator                                            : loaded 2 times (x 80B)
Class org.jetbrains.kotlin.idea.gradleTooling.PrepareKotlinIdeImportTaskModel         : loaded 2 times (x 68B)
Class jdk.internal.jimage.ImageLocation                                               : loaded 2 times (x 88B)
Class org.jetbrains.kotlin.config.ExplicitApiMode                                     : loaded 2 times (x 77B)
Class com.google.common.reflect.Types$ClassOwnership$1LocalClass                      : loaded 2 times (x 69B)
Class com.amazon.ion.impl.bin.IonRawBinaryWriter$PreallocationMode                    : loaded 2 times (x 79B)
Class org.objectweb.asm.tree.JumpInsnNode                                             : loaded 2 times (x 77B)
Class com.google.common.collect.Lists$RandomAccessReverseList                         : loaded 2 times (x 160B)
Class kotlin.jvm.functions.Function0                                                  : loaded 2 times (x 68B)
Class org.gradle.tooling.internal.adapter.TargetTypeProvider                          : loaded 2 times (x 68B)
Class com.amazon.ion.impl.bin.IonManagedBinaryWriter$ImportedSymbolContext            : loaded 2 times (x 70B)
Class org.gradle.internal.impldep.com.google.common.base.Preconditions                : loaded 2 times (x 69B)
Class kotlin.jvm.functions.Function1                                                  : loaded 2 times (x 68B)
Class org.jetbrains.kotlin.idea.gradleTooling.AndroidAwareGradleModelProvider         : loaded 2 times (x 74B)
Class kotlin.jvm.functions.Function2                                                  : loaded 2 times (x 68B)
Class org.objectweb.asm.SymbolTable$Entry                                             : loaded 2 times (x 72B)
Class [Lcom.google.common.cache.LocalCache$EntryFactory;                              : loaded 2 times (x 67B)
Class kotlin.jvm.functions.Function4                                                  : loaded 2 times (x 68B)
Class jdk.internal.jimage.ImageReader$Node                                            : loaded 2 times (x 82B)
Class com.amazon.ion.IonText                                                          : loaded 2 times (x 68B)
Class com.android.builder.model.v2.ide.Variant                                        : loaded 2 times (x 68B)
Class org.objectweb.asm.tree.MethodNode                                               : loaded 2 times (x 107B)
Class com.google.common.base.Platform                                                 : loaded 2 times (x 69B)
Class kotlin.jvm.internal.CallableReference$NoReceiver                                : loaded 2 times (x 69B)
Class org.objectweb.asm.FieldWriter                                                   : loaded 2 times (x 75B)
Class org.gradle.internal.time.Time                                                   : loaded 2 times (x 69B)
Class jdk.internal.jimage.decompressor.CompressedResourceHeader                       : loaded 2 times (x 69B)
Class com.android.builder.model.v2.ide.SourceProvider                                 : loaded 2 times (x 68B)
Class org.jetbrains.plugins.gradle.model.IntelliJSettings                             : loaded 2 times (x 68B)
Class org.gradle.internal.time.TimeSource$1                                           : loaded 2 times (x 75B)
Class [Lkotlin.coroutines.intrinsics.CoroutineSingletons;                             : loaded 2 times (x 67B)
Class com.amazon.ion.IonSequence                                                      : loaded 2 times (x 68B)
Class kotlin.ranges.ClosedRange                                                       : loaded 2 times (x 68B)
Class org.jetbrains.plugins.gradle.tooling.serialization.RepositoriesModelSerializationService$WriteContext: loaded 2 times (x 70B)
Class kotlin.KotlinNullPointerException                                               : loaded 2 times (x 81B)
Class jdk.internal.jrtfs.JrtPath                                                      : loaded 2 times (x 116B)
Class com.google.common.reflect.TypeResolver$TypeTable$1                              : loaded 2 times (x 71B)
Class com.amazon.ion.impl.lite.IonStructLite                                          : loaded 2 times (x 294B)
Class com.google.common.cache.CacheLoader                                             : loaded 2 times (x 72B)
Class org.gradle.tooling.internal.adapter.ProtocolToModelAdapter$1                    : loaded 2 times (x 73B)
Class jdk.internal.jimage.ImageStrings                                                : loaded 2 times (x 68B)
Class kotlin.io.NoSuchFileException                                                   : loaded 2 times (x 80B)
Class org.objectweb.asm.MethodTooLargeException                                       : loaded 2 times (x 81B)
Class kotlin.reflect.KAnnotatedElement                                                : loaded 2 times (x 68B)
Class kotlin.text.CharsKt                                                             : loaded 2 times (x 69B)
Class org.jetbrains.kotlin.config.JVMAssertionsMode                                   : loaded 2 times (x 77B)
Class com.android.ide.gradle.model.composites.BuildMap                                : loaded 2 times (x 68B)
Class kotlin.ranges.RangesKt___RangesKt                                               : loaded 2 times (x 69B)
Class jdk.internal.jrtfs.JrtFileAttributes                                            : loaded 2 times (x 81B)
Class com.android.ide.gradle.model.LegacyAndroidGradlePluginProperties                : loaded 2 times (x 68B)
Class kotlin.collections.CollectionsKt___CollectionsKt                                : loaded 2 times (x 69B)
Class com.google.common.cache.Cache                                                   : loaded 2 times (x 68B)
Class kotlin.sequences.SequencesKt__SequenceBuilderKt$sequence$$inlined$Sequence$1    : loaded 2 times (x 73B)
Class org.objectweb.asm.tree.LabelNode                                                : loaded 2 times (x 78B)
Class com.google.common.collect.Maps$EntrySet                                         : loaded 2 times (x 134B)
Class org.jetbrains.kotlin.config.ApiVersion                                          : loaded 2 times (x 84B)
Class org.gradle.tooling.internal.adapter.ProtocolToModelAdapter$MixInMappingAction   : loaded 2 times (x 78B)
Class org.gradle.internal.classloader.SystemClassLoaderSpec                           : loaded 2 times (x 69B)
Class org.jetbrains.kotlin.utils.StringsKt                                            : loaded 2 times (x 69B)
Class com.google.common.util.concurrent.internal.InternalFutureFailureAccess          : loaded 2 times (x 70B)
Class com.amazon.ion.impl.bin.AbstractIonWriter                                       : loaded 2 times (x 159B)
Class org.jetbrains.plugins.gradle.tooling.serialization.AnnotationProcessingModelSerializationService$ReadContext: loaded 2 times (x 70B)
Class kotlin.collections.ReversedListReadOnly                                         : loaded 2 times (x 158B)
Class com.android.builder.model.v2.ide.Library                                        : loaded 2 times (x 68B)
Class com.google.common.base.Charsets                                                 : loaded 2 times (x 69B)
Class org.jetbrains.kotlin.utils.DescriptionAware                                     : loaded 2 times (x 68B)
Class com.google.common.primitives.Ints$IntConverter                                  : loaded 2 times (x 88B)
Class com.amazon.ion.impl.bin.IonBinaryWriterAdapter$Factory                          : loaded 2 times (x 68B)
Class com.google.common.cache.LocalCache$StrongEntry                                  : loaded 2 times (x 106B)
Class com.google.common.reflect.Types$TypeVariableImpl                                : loaded 2 times (x 70B)
Class kotlin.text.StringsKt__AppendableKt                                             : loaded 2 times (x 69B)
Class com.amazon.ion.system.IonWriterBuilderBase                                      : loaded 2 times (x 81B)
Class org.jetbrains.plugins.gradle.tooling.serialization.RepositoriesModelSerializationService: loaded 2 times (x 80B)
Class org.jetbrains.plugins.gradle.tooling.serialization.ProjectDependenciesSerializationService: loaded 2 times (x 75B)
Class org.gradle.tooling.internal.adapter.WeakIdentityHashMap$AbsentValueProvider     : loaded 2 times (x 68B)
Class org.objectweb.asm.tree.VarInsnNode                                              : loaded 2 times (x 77B)
Class org.jetbrains.plugins.gradle.model.ExternalProject                              : loaded 2 times (x 68B)
Class org.gradle.tooling.model.Dependency                                             : loaded 2 times (x 68B)
Class com.android.builder.model.v2.models.ndk.NativeModule                            : loaded 2 times (x 68B)
Class org.gradle.tooling.internal.adapter.ProtocolToModelAdapter$SafeMethodInvoker    : loaded 2 times (x 74B)
Class kotlin.io.FileAlreadyExistsException                                            : loaded 2 times (x 80B)
Class org.jetbrains.kotlin.cli.common.CompilerSystemProperties$Companion              : loaded 2 times (x 69B)
Class com.amazon.ion.impl.bin.IonRawBinaryWriter$1                                    : loaded 2 times (x 75B)
Class org.jetbrains.plugins.gradle.tooling.serialization.AnnotationProcessingModelSerializationService: loaded 2 times (x 75B)
Class com.amazon.ion.impl.IonWriterSystemTextMarkup                                   : loaded 2 times (x 190B)
Class org.objectweb.asm.ClassWriter                                                   : loaded 2 times (x 102B)
Class com.amazon.ion.IonFloat                                                         : loaded 2 times (x 68B)
Class [Lorg.jetbrains.kotlin.config.JVMAssertionsMode;                                : loaded 2 times (x 67B)
Class com.android.builder.model.v2.ide.ComponentInfo                                  : loaded 2 times (x 68B)
Class com.amazon.ion.impl.bin.IonManagedBinaryWriter$ImportedSymbolResolverMode$1     : loaded 2 times (x 78B)
Class com.amazon.ion.impl.bin.IonManagedBinaryWriter$ImportedSymbolResolverMode$2     : loaded 2 times (x 78B)
Class com.amazon.ion.facet.Faceted                                                    : loaded 2 times (x 68B)
Class jdk.internal.jimage.decompressor.ResourceDecompressorRepository                 : loaded 2 times (x 69B)
Class com.amazon.ion.impl.bin.IonRawBinaryWriter$ContainerType                        : loaded 2 times (x 77B)
Class com.google.common.collect.Range                                                 : loaded 2 times (x 85B)
Class org.objectweb.asm.tree.LocalVariableAnnotationNode                              : loaded 2 times (x 79B)
Class org.jetbrains.kotlin.config.LanguageVersion                                     : loaded 2 times (x 88B)
Class org.jetbrains.kotlin.idea.gradleTooling.model.kapt.KaptGradleModel              : loaded 2 times (x 68B)
Class kotlin.collections.SetsKt                                                       : loaded 2 times (x 69B)
Class kotlin.jvm.internal.FunctionBase                                                : loaded 2 times (x 68B)
Class org.jetbrains.kotlin.config.MavenComparableVersion$Item                         : loaded 2 times (x 68B)
Class com.amazon.ion.impl.BlockedBuffer$BufferedOutputStream                          : loaded 2 times (x 88B)
Class com.android.builder.model.v2.models.AndroidDsl                                  : loaded 2 times (x 68B)
Class kotlin.text.MatcherMatchResult                                                  : loaded 2 times (x 78B)
Class [Lcom.google.common.cache.CacheBuilder$OneWeigher;                              : loaded 2 times (x 67B)
Class com.amazon.ion.impl.bin.IonManagedBinaryWriter$SymbolResolver                   : loaded 2 times (x 68B)
Class kotlin.Function                                                                 : loaded 2 times (x 68B)
Class com.android.builder.model.v2.ide.ViewBindingOptions                             : loaded 2 times (x 68B)
Class com.amazon.ion.impl._Private_ReaderWriter                                       : loaded 2 times (x 68B)
Class org.jetbrains.plugins.gradle.tooling.serialization.BuildScriptClasspathModelSerializationService$ReadContext: loaded 2 times (x 70B)
Class com.google.common.io.ByteArrayDataOutput                                        : loaded 2 times (x 68B)
Class org.objectweb.asm.tree.InvokeDynamicInsnNode                                    : loaded 2 times (x 76B)
Class com.android.builder.model.v2.ide.AaptOptions                                    : loaded 2 times (x 68B)
Class org.jetbrains.plugins.gradle.tooling.util.ObjectCollector$Processor             : loaded 2 times (x 68B)
Class com.google.common.collect.ImmutableList$SerializedForm                          : loaded 2 times (x 71B)
Class com.amazon.ion.IonNull                                                          : loaded 2 times (x 68B)
Class kotlin.text.MatchResult                                                         : loaded 2 times (x 68B)
Class org.jetbrains.kotlin.idea.gradleTooling.model.samWithReceiver.SamWithReceiverModel: loaded 2 times (x 68B)
Class com.amazon.ion.impl.lite.IonTextLite                                            : loaded 2 times (x 152B)
Class kotlin.coroutines.jvm.internal.RestrictedContinuationImpl                       : loaded 2 times (x 85B)
Class [Lcom.google.common.io.FileWriteMode;                                           : loaded 2 times (x 67B)
Class com.google.common.io.Files$FileByteSink                                         : loaded 2 times (x 75B)
Class kotlin.io.FilesKt__FileReadWriteKt                                              : loaded 2 times (x 69B)
Class kotlin.ranges.RangesKt                                                          : loaded 2 times (x 69B)
Class com.android.ide.gradle.model.GradlePropertiesModel                              : loaded 2 times (x 68B)
Class kotlin.sequences.DistinctIterator                                               : loaded 2 times (x 81B)
Class org.gradle.tooling.model.gradle.GradleScript                                    : loaded 2 times (x 68B)
Class [Lcom.android.builder.model.v2.ide.AndroidGradlePluginProjectFlags$BooleanFlag; : loaded 2 times (x 67B)
Class com.amazon.ion.SubstituteSymbolTableException                                   : loaded 2 times (x 82B)
Class org.jetbrains.plugins.gradle.tooling.serialization.KotlinDslScriptsModelSerializationService: loaded 2 times (x 79B)
Class com.android.ide.gradle.model.artifacts.AdditionalClassifierArtifactsModel       : loaded 2 times (x 68B)
Class org.gradle.tooling.internal.adapter.ProtocolToModelAdapter$ViewKey              : loaded 2 times (x 70B)
Class com.google.common.collect.AbstractListMultimap                                  : loaded 2 times (x 170B)
Class kotlin.coroutines.intrinsics.IntrinsicsKt__IntrinsicsKt                         : loaded 2 times (x 69B)
Class jdk.internal.jimage.decompressor.ResourceDecompressor$StringsProvider           : loaded 2 times (x 68B)
Class com.amazon.ion.system.IonSystemBuilder$Mutable                                  : loaded 2 times (x 73B)
Class com.amazon.ion.impl._Private_SymtabExtendsCache                                 : loaded 2 times (x 70B)
Class jdk.internal.jimage.decompressor.Decompressor                                   : loaded 2 times (x 70B)
Class com.android.builder.model.v2.ide.AbstractArtifact                               : loaded 2 times (x 68B)
Class com.google.common.cache.LocalCache$Strength                                     : loaded 2 times (x 79B)
Class com.google.common.collect.AbstractMapBasedMultimap$KeySet                       : loaded 2 times (x 135B)
Class com.google.common.collect.SortedIterable                                        : loaded 2 times (x 68B)
Class jdk.internal.jrtfs.JrtFileSystem                                                : loaded 2 times (x 100B)
Class com.google.common.collect.ArrayListMultimapGwtSerializationDependencies         : loaded 2 times (x 170B)
Class kotlin.Unit                                                                     : loaded 2 times (x 69B)
Class com.google.common.cache.CacheBuilder$OneWeigher                                 : loaded 2 times (x 80B)
Class com.amazon.ion.impl.lite.IonStringLite                                          : loaded 2 times (x 157B)
Class kotlin.io.FilePathComponents                                                    : loaded 2 times (x 70B)
Class com.google.common.collect.AbstractMapBasedMultimap$RandomAccessWrappedList      : loaded 2 times (x 165B)
Class org.objectweb.asm.Handler                                                       : loaded 2 times (x 70B)
Class org.gradle.internal.impldep.gnu.trove.TObjectIntProcedure                       : loaded 2 times (x 68B)
Class com.android.builder.model.v2.ide.LibraryInfo                                    : loaded 2 times (x 68B)
Class kotlin.collections.CollectionsKt                                                : loaded 2 times (x 69B)
Class org.gradle.tooling.internal.gradle.GradleProjectIdentity                        : loaded 2 times (x 68B)
Class kotlin.collections.ArraysKt___ArraysJvmKt                                       : loaded 2 times (x 69B)
Class kotlin.text.StringsKt__RegexExtensionsJVMKt                                     : loaded 2 times (x 69B)
Class kotlin.collections.CollectionsKt___CollectionsJvmKt                             : loaded 2 times (x 69B)
Class com.amazon.ion.impl.bin.IonRawBinaryWriter$StreamCloseMode                      : loaded 2 times (x 77B)
Class jdk.internal.jrtfs.JrtFileSystemProvider                                        : loaded 2 times (x 97B)
Class com.google.common.cache.LocalCache$ValueReference                               : loaded 2 times (x 68B)
Class org.gradle.tooling.internal.adapter.MethodInvocation                            : loaded 2 times (x 83B)
Class org.gradle.internal.time.CountdownTimer                                         : loaded 2 times (x 68B)
Class org.gradle.internal.time.Clock                                                  : loaded 2 times (x 68B)
Class org.objectweb.asm.ClassReader                                                   : loaded 2 times (x 90B)
Class com.amazon.ion.impl.bin.IonRawBinaryWriter$PatchPoint                           : loaded 2 times (x 69B)
Class org.gradle.internal.classloader.ClasspathUtil                                   : loaded 2 times (x 69B)
Class kotlin.ranges.RangesKt__RangesKt                                                : loaded 2 times (x 69B)
Class org.objectweb.asm.CurrentFrame                                                  : loaded 2 times (x 71B)
Class jdk.internal.jrtfs.JrtDirectoryStream                                           : loaded 2 times (x 87B)
Class com.amazon.ion.IonInt                                                           : loaded 2 times (x 68B)
Class org.objectweb.asm.tree.AnnotationNode                                           : loaded 2 times (x 77B)
Class com.google.common.util.concurrent.AbstractFuture                                : loaded 2 times (x 93B)
Class com.google.common.reflect.TypeResolver                                          : loaded 2 times (x 70B)
Class kotlin.NotImplementedError                                                      : loaded 2 times (x 80B)
Class org.jetbrains.kotlin.tooling.core.HasMutableExtras                              : loaded 2 times (x 68B)
Class com.amazon.ion.impl._Private_IonSymbol                                          : loaded 2 times (x 68B)
Class com.amazon.ion.impl._Private_IonBinaryWriterBuilder$Mutable                     : loaded 2 times (x 107B)
Class org.gradle.tooling.model.BuildIdentifier                                        : loaded 2 times (x 68B)
Class jdk.internal.jimage.decompressor.ResourceDecompressor                           : loaded 2 times (x 68B)
Class jdk.internal.jimage.BasicImageReader$1                                          : loaded 2 times (x 75B)
Class kotlin.collections.CollectionsKt__IteratorsKt                                   : loaded 2 times (x 69B)
Class com.google.common.collect.TransformedListIterator                               : loaded 2 times (x 91B)
Class com.google.common.base.Ticker$1                                                 : loaded 2 times (x 70B)
Class com.google.common.collect.Maps$BiMapConverter                                   : loaded 2 times (x 88B)
Class org.gradle.api.internal.DefaultClassPathRegistry                                : loaded 2 times (x 74B)
Class org.jetbrains.kotlin.config.LanguageOrApiVersion                                : loaded 2 times (x 68B)
Class com.google.common.base.Splitter$5                                               : loaded 2 times (x 78B)
Class com.google.common.util.concurrent.AbstractFuture$Cancellation                   : loaded 2 times (x 70B)
Class [Lorg.objectweb.asm.Symbol;                                                     : loaded 2 times (x 67B)
Class com.amazon.ion.impl.bin.AbstractIonWriter$WriteValueOptimization                : loaded 2 times (x 77B)
Class com.amazon.ion.impl.bin._Private_IonRawWriter                                   : loaded 2 times (x 68B)
Class org.objectweb.asm.tree.InnerClassNode                                           : loaded 2 times (x 71B)
Class org.gradle.tooling.model.kotlin.dsl.KotlinDslScriptsModel                       : loaded 2 times (x 68B)
Class com.amazon.ion.impl.bin.IonManagedBinaryWriter$UserState                        : loaded 2 times (x 83B)
Class org.objectweb.asm.tree.ClassNode                                                : loaded 2 times (x 88B)
Class org.gradle.api.internal.classpath.DefaultModuleRegistry$DefaultModule           : loaded 2 times (x 84B)
Class com.amazon.ion.ReadOnlyValueException                                           : loaded 2 times (x 82B)
Class kotlin.io.FilesKt__FilePathComponentsKt                                         : loaded 2 times (x 69B)
Class com.intellij.openapi.externalSystem.model.ExternalSystemException               : loaded 2 times (x 84B)
Class org.gradle.tooling.model.build.GradleEnvironment                                : loaded 2 times (x 68B)
Class org.jetbrains.kotlin.config.ApiVersion$Companion                                : loaded 2 times (x 69B)
Class org.objectweb.asm.tree.TableSwitchInsnNode                                      : loaded 2 times (x 77B)
Class com.amazon.ion.IonException                                                     : loaded 2 times (x 82B)
Class org.jetbrains.kotlin.config.JvmDefaultMode$Companion                            : loaded 2 times (x 69B)
Class com.android.builder.model.v2.ide.BundleInfo                                     : loaded 2 times (x 68B)
Class [Lcom.android.builder.model.v2.ide.AaptOptions$Namespacing;                     : loaded 2 times (x 67B)
Class org.objectweb.asm.tree.LocalVariableNode                                        : loaded 2 times (x 71B)
Class com.android.ide.gradle.model.artifacts.AdditionalClassifierArtifacts            : loaded 2 times (x 68B)
Class com.amazon.ion.impl.bin.IonManagedBinaryWriter$SymbolState                      : loaded 2 times (x 78B)
Class org.jetbrains.plugins.gradle.tooling.serialization.ExternalTestsSerializationService$WriteContext: loaded 2 times (x 70B)
Class org.gradle.kotlin.dsl.VersionCatalogAccessorsKt                                 : loaded 2 times (x 69B)
Class kotlin.text.StringsKt__StringsKt                                                : loaded 2 times (x 69B)
Class org.gradle.internal.time.TimeSource                                             : loaded 2 times (x 68B)
Class kotlin.comparisons.ComparisonsKt___ComparisonsKt                                : loaded 2 times (x 69B)
Class com.google.common.base.Suppliers$SupplierOfInstance                             : loaded 2 times (x 77B)
Class com.android.ide.gradle.model.ArtifactIdentifier                                 : loaded 2 times (x 68B)
Class org.objectweb.asm.RecordComponentVisitor                                        : loaded 2 times (x 75B)
Class com.google.common.reflect.Types$ClassOwnership$1                                : loaded 2 times (x 78B)
Class com.google.common.reflect.Invokable                                             : loaded 2 times (x 116B)
Class kotlin.text.Regex$Companion                                                     : loaded 2 times (x 69B)
Class com.google.common.reflect.Types$ClassOwnership$2                                : loaded 2 times (x 78B)
Class com.google.common.reflect.Types$ClassOwnership$3                                : loaded 2 times (x 69B)
Class [Lorg.jetbrains.kotlin.cli.common.CompilerSystemProperties;                     : loaded 2 times (x 67B)
Class com.amazon.ion.impl.bin.IonManagedBinaryWriter$SymbolState$1                    : loaded 2 times (x 78B)
Class com.amazon.ion.impl.bin.IonManagedBinaryWriter$SymbolState$2                    : loaded 2 times (x 78B)
Class com.amazon.ion.impl.bin.IonManagedBinaryWriter$SymbolState$3                    : loaded 2 times (x 78B)
Class com.intellij.util.containers.IntObjectHashMap$ArrayProducer                     : loaded 2 times (x 68B)
Class com.google.common.cache.LocalCache$HashIterator                                 : loaded 2 times (x 84B)
Class com.google.common.collect.ListMultimap                                          : loaded 2 times (x 68B)
Class com.amazon.ion.impl.bin.IonManagedBinaryWriter$SymbolState$4                    : loaded 2 times (x 78B)
Class org.jetbrains.kotlin.android.synthetic.idea.AndroidExtensionsGradleModel        : loaded 2 times (x 68B)
Class [Lcom.intellij.openapi.externalSystem.model.project.dependencies.ResolutionState;: loaded 2 times (x 67B)
Class org.jetbrains.kotlin.cli.common.CompilerSystemProperties$value$1                : loaded 2 times (x 123B)
Class com.android.builder.model.v2.models.AndroidProject                              : loaded 2 times (x 68B)
Class com.google.common.cache.LocalCache$WriteThroughEntry                            : loaded 2 times (x 77B)
Class org.objectweb.asm.ClassTooLargeException                                        : loaded 2 times (x 81B)
Class com.intellij.openapi.externalSystem.model.project.dependencies.ResolutionState  : loaded 2 times (x 77B)
Class org.jetbrains.kotlin.config.LanguageVersion$Companion                           : loaded 2 times (x 69B)
Class org.gradle.api.internal.classpath.UnknownModuleException                        : loaded 2 times (x 80B)
Class com.amazon.ion.system.SimpleCatalog                                             : loaded 2 times (x 89B)
Class kotlin.coroutines.intrinsics.IntrinsicsKt__IntrinsicsJvmKt                      : loaded 2 times (x 69B)
Class [Lcom.google.gson.stream.JsonToken;                                             : loaded 2 times (x 67B)
Class com.google.common.util.concurrent.AbstractFuture$Listener                       : loaded 2 times (x 70B)
Class kotlin.collections.MapsKt__MapsJVMKt                                            : loaded 2 times (x 69B)
Class com.amazon.ion.IonNumber                                                        : loaded 2 times (x 68B)
Class org.objectweb.asm.Edge                                                          : loaded 2 times (x 70B)
Class com.android.ide.gradle.model.GradlePluginModel                                  : loaded 2 times (x 68B)
Class com.google.common.collect.Maps$EntryTransformer                                 : loaded 2 times (x 68B)
Class com.google.common.collect.ImmutableEnumSet                                      : loaded 2 times (x 146B)
Class org.jetbrains.plugins.gradle.model.ProjectImportModelProvider                   : loaded 2 times (x 68B)
Class org.jetbrains.plugins.gradle.tooling.serialization.GradleExtensionsSerializationService: loaded 2 times (x 75B)
Class kotlin.jvm.internal.ArrayIteratorKt                                             : loaded 2 times (x 69B)
Class kotlin.collections.ArraysKt___ArraysKt                                          : loaded 2 times (x 69B)
Class com.android.builder.model.v2.ide.AaptOptions$Namespacing                        : loaded 2 times (x 77B)
Class com.google.common.io.ByteArrayDataInput                                         : loaded 2 times (x 68B)
Class com.amazon.ion.IonContainer                                                     : loaded 2 times (x 68B)
Class com.amazon.ion.impl.lite.ValueFactoryLite                                       : loaded 2 times (x 216B)
Class com.amazon.ion.impl._Private_IonWriterBase                                      : loaded 2 times (x 160B)
Class kotlin.coroutines.Continuation                                                  : loaded 2 times (x 68B)
Class [Lorg.objectweb.asm.SymbolTable$Entry;                                          : loaded 2 times (x 67B)
Class sync_studio_tooling_bm665jo9ntbhfhkwm7zry728b                                   : loaded 2 times (x 177B)
Class kotlin.text.StringsKt__StringNumberConversionsJVMKt                             : loaded 2 times (x 69B)
Class com.google.common.reflect.Types$JavaVersion                                     : loaded 2 times (x 81B)
Class com.google.common.collect.SingletonImmutableBiMap                               : loaded 2 times (x 142B)
Class kotlin.ranges.IntProgression$Companion                                          : loaded 2 times (x 69B)
Class kotlin.TuplesKt                                                                 : loaded 2 times (x 69B)
Class kotlin.text.CharsKt__CharJVMKt                                                  : loaded 2 times (x 69B)
Class Settings_gradle$1$1                                                             : loaded 2 times (x 72B)
Class com.google.common.base.Suppliers                                                : loaded 2 times (x 69B)
Class com.amazon.ion.impl._Private_IonTextWriterBuilder$Mutable                       : loaded 2 times (x 99B)
Class com.android.builder.model.v2.ide.AndroidLibraryData                             : loaded 2 times (x 68B)
Class org.jetbrains.plugins.gradle.model.IntelliJProjectSettings                      : loaded 2 times (x 68B)
Class [Lcom.google.common.collect.Iterators$EmptyModifiableIterator;                  : loaded 2 times (x 67B)
Class org.objectweb.asm.ClassVisitor                                                  : loaded 2 times (x 85B)
Class com.amazon.ion.system.IonReaderBuilder                                          : loaded 2 times (x 83B)
Class kotlin.text.StringsKt__IndentKt                                                 : loaded 2 times (x 69B)
Class com.google.common.cache.LoadingCache                                            : loaded 2 times (x 68B)
Class org.gradle.internal.service.ServiceLookupException                              : loaded 2 times (x 80B)
Class kotlin.collections.MapsKt__MapWithDefaultKt                                     : loaded 2 times (x 69B)
Class jdk.internal.jimage.ImageStringsReader                                          : loaded 2 times (x 78B)
Class org.objectweb.asm.tree.UnsupportedClassVersionException                         : loaded 2 times (x 80B)
Class org.objectweb.asm.tree.IntInsnNode                                              : loaded 2 times (x 77B)
Class jdk.internal.jimage.decompressor.ResourceDecompressorFactory                    : loaded 2 times (x 72B)
Class org.jetbrains.kotlin.idea.gradleTooling.model.lombok.LombokModel                : loaded 2 times (x 68B)
Class com.android.builder.model.v2.models.ProjectSyncIssues                           : loaded 2 times (x 68B)
Class kotlin.collections.EmptySet                                                     : loaded 2 times (x 120B)
Class org.gradle.tooling.model.ProjectIdentifier                                      : loaded 2 times (x 68B)
Class org.gradle.internal.exceptions.NonGradleCauseExceptionsHolder                   : loaded 2 times (x 68B)
Class [Lorg.gradle.api.internal.ClassPathProvider;                                    : loaded 2 times (x 67B)
Class com.google.common.util.concurrent.AbstractFuture$SafeAtomicHelper               : loaded 2 times (x 75B)
Class jdk.internal.jimage.ImageReader$SharedImageReader$LocationVisitor               : loaded 2 times (x 68B)
Class com.google.common.collect.ImmutableMultimap$Values                              : loaded 2 times (x 124B)
Class org.gradle.internal.operations.MultipleBuildOperationFailures                   : loaded 2 times (x 89B)
Class kotlin.collections.MapsKt                                                       : loaded 2 times (x 69B)
Class org.gradle.util.internal.GUtil                                                  : loaded 2 times (x 69B)
Class jdk.internal.jimage.decompressor.ZipDecompressor                                : loaded 2 times (x 73B)
Class org.gradle.tooling.model.internal.ImmutableDomainObjectSet                      : loaded 2 times (x 153B)
Class kotlin.jvm.internal.CollectionToArray                                           : loaded 2 times (x 69B)
Class org.gradle.tooling.internal.adapter.MethodInvoker                               : loaded 2 times (x 68B)
Class org.jetbrains.plugins.gradle.model.AnnotationProcessingModel                    : loaded 2 times (x 68B)
Class com.google.common.math.IntMath                                                  : loaded 2 times (x 69B)
Class org.jetbrains.plugins.gradle.model.ExternalTask                                 : loaded 2 times (x 68B)
Class [Lcom.google.common.reflect.Types$JavaVersion;                                  : loaded 2 times (x 67B)
Class org.gradle.tooling.model.HierarchicalElement                                    : loaded 2 times (x 68B)
Class com.android.builder.model.v2.ide.BasicArtifact                                  : loaded 2 times (x 68B)
Class com.android.builder.model.AndroidProject                                        : loaded 2 times (x 68B)
Class org.gradle.api.internal.classpath.DefaultModuleRegistry                         : loaded 2 times (x 81B)
Class com.amazon.ion.system.IonTextWriterBuilder                                      : loaded 2 times (x 95B)
Class org.jetbrains.plugins.gradle.tooling.serialization.ExternalProjectSerializationService$ReadContext: loaded 2 times (x 72B)
Class org.gradle.internal.classloader.ClassLoaderSpec                                 : loaded 2 times (x 69B)
Class com.google.common.io.LineProcessor                                              : loaded 2 times (x 68B)
Class com.android.builder.model.v2.models.ndk.NativeModelBuilderParameter             : loaded 2 times (x 68B)
Class com.android.builder.model.v2.CustomSourceDirectory                              : loaded 2 times (x 68B)
Class com.google.common.base.NullnessCasts                                            : loaded 2 times (x 69B)
Class com.google.common.io.CharSink                                                   : loaded 2 times (x 77B)
Class org.objectweb.asm.Frame                                                         : loaded 2 times (x 71B)
Class com.google.common.cache.LocalCache$LocalManualCache                             : loaded 2 times (x 97B)
Class com.google.common.cache.RemovalListener                                         : loaded 2 times (x 68B)
Class com.google.common.io.FileWriteMode                                              : loaded 2 times (x 77B)
Class org.gradle.internal.classpath.ClassPath                                         : loaded 2 times (x 68B)
Class com.google.common.cache.CacheLoader$1                                           : loaded 2 times (x 73B)
Class com.amazon.ion.impl.bin.Block                                                   : loaded 2 times (x 77B)
Class org.jetbrains.plugins.gradle.model.GradleExtension                              : loaded 2 times (x 68B)
Class com.amazon.ion.impl.bin.IonManagedBinaryWriter                                  : loaded 2 times (x 164B)
Class org.gradle.tooling.internal.adapter.ProtocolToModelAdapter$AdaptingMethodInvoker: loaded 2 times (x 74B)
Class com.amazon.ion.impl.IonWriterSystem                                             : loaded 2 times (x 169B)
Class org.jetbrains.plugins.gradle.tooling.util.IntObjectMap                          : loaded 2 times (x 71B)
Class org.gradle.tooling.model.idea.IdeaModuleDependency                              : loaded 2 times (x 68B)
Class [Lcom.amazon.ion.impl.bin.IonManagedBinaryWriter$ImportedSymbolResolverMode;    : loaded 2 times (x 67B)
Class com.google.common.util.concurrent.AbstractFuture$TrustedFuture                  : loaded 2 times (x 95B)
Class org.jetbrains.plugins.gradle.tooling.serialization.RepositoriesModelSerializationService$ReadContext: loaded 2 times (x 70B)
Class sync_studio_tooling_bm665jo9ntbhfhkwm7zry728b$_run_closure1                     : loaded 2 times (x 137B)
Class com.amazon.ion.impl.bin.IonRawBinaryWriter                                      : loaded 2 times (x 167B)
Class com.amazon.ion.impl._Private_IonSystem                                          : loaded 2 times (x 68B)
Class org.jetbrains.plugins.gradle.model.BuildScriptClasspathModel                    : loaded 2 times (x 68B)
Class org.jetbrains.kotlin.idea.projectModel.KotlinTaskProperties                     : loaded 2 times (x 68B)
Class kotlin.collections.State                                                        : loaded 2 times (x 77B)
Class com.google.common.collect.Maps$ViewCachingAbstractMap                           : loaded 2 times (x 123B)
Class com.amazon.ion.impl._Private_IonBinaryWriterBuilder                             : loaded 2 times (x 107B)
Class org.jetbrains.kotlin.config.ExplicitApiMode$Companion                           : loaded 2 times (x 69B)
Class com.google.common.collect.Sets                                                  : loaded 2 times (x 69B)
Class com.amazon.ion.SymbolTable                                                      : loaded 2 times (x 68B)
Class kotlin.text.Regex                                                               : loaded 2 times (x 70B)
Class kotlin.io.FilesKt__UtilsKt                                                      : loaded 2 times (x 69B)
Class org.jetbrains.kotlin.util.capitalizeDecapitalize.CapitalizeDecapitalizeKt       : loaded 2 times (x 69B)
Class com.google.common.cache.CacheLoader$SupplierToCacheLoader                       : loaded 2 times (x 73B)
Class com.amazon.ion.impl.bin.IonRawBinaryWriter$RecyclingStack                       : loaded 2 times (x 70B)
Class com.amazon.ion.impl.bin.Symbols$1                                               : loaded 2 times (x 75B)
Class org.objectweb.asm.tree.InsnList                                                 : loaded 2 times (x 101B)
Class kotlin.coroutines.jvm.internal.SuspendFunction                                  : loaded 2 times (x 68B)
Class com.amazon.ion.impl.bin.Symbols$3                                               : loaded 2 times (x 105B)
Class org.objectweb.asm.tree.FrameNode                                                : loaded 2 times (x 77B)
Class org.objectweb.asm.commons.InstructionAdapter                                    : loaded 2 times (x 185B)
Class com.google.common.base.MoreObjects                                              : loaded 2 times (x 69B)
Class com.google.common.collect.SortedMapDifference                                   : loaded 2 times (x 68B)
Class com.android.ide.common.repository.GradleVersion$VersionSegment                  : loaded 2 times (x 73B)
Class org.jetbrains.plugins.gradle.model.ExternalFilter                               : loaded 2 times (x 68B)
Class kotlin.collections.ArraysUtilJVM                                                : loaded 2 times (x 69B)
Class org.objectweb.asm.SymbolTable                                                   : loaded 2 times (x 70B)
Class com.amazon.ion.impl.bin.BlockAllocatorProvider                                  : loaded 2 times (x 70B)
Class org.gradle.tooling.internal.adapter.ProtocolToModelAdapter$ViewGraphDetails$1   : loaded 2 times (x 75B)
Class [Lorg.objectweb.asm.AnnotationVisitor;                                          : loaded 2 times (x 67B)
Class com.google.common.cache.CacheStats                                              : loaded 2 times (x 69B)
Class org.objectweb.asm.Attribute                                                     : loaded 2 times (x 75B)
Class com.amazon.ion.IonDatagram                                                      : loaded 2 times (x 68B)
Class kotlin.coroutines.jvm.internal.BaseContinuationImpl                             : loaded 2 times (x 85B)
Class org.gradle.internal.classloader.VisitableURLClassLoader                         : loaded 2 times (x 115B)
Class com.google.common.cache.LocalCache$LocalLoadingCache                            : loaded 2 times (x 132B)
Class [Lcom.amazon.ion.impl.bin.IonManagedBinaryWriter$UserState;                     : loaded 2 times (x 67B)
Class com.google.common.base.Supplier                                                 : loaded 2 times (x 68B)
Class org.jetbrains.plugins.gradle.tooling.serialization.BuildScriptClasspathModelSerializationService: loaded 2 times (x 75B)
Class kotlin.io.FilesKt__FileTreeWalkKt                                               : loaded 2 times (x 69B)
Class com.google.common.collect.ImmutableMultimap$Keys                                : loaded 2 times (x 164B)
Class com.google.common.collect.ImmutableRangeSet$AsSet                               : loaded 2 times (x 233B)
Class com.google.common.util.concurrent.AbstractFuture$AtomicHelper                   : loaded 2 times (x 74B)
Class org.gradle.util.internal.DefaultGradleVersion                                   : loaded 2 times (x 82B)
Class kotlin.collections.CollectionsKt__IterablesKt                                   : loaded 2 times (x 69B)
Class org.objectweb.asm.tree.RecordComponentNode                                      : loaded 2 times (x 77B)
Class org.jetbrains.plugins.gradle.model.MavenRepositoryModel                         : loaded 2 times (x 68B)
Class org.jetbrains.plugins.gradle.model.GradleProperty                               : loaded 2 times (x 68B)
Class com.amazon.ion.IonStruct                                                        : loaded 2 times (x 68B)
Class com.amazon.ion.impl.lite.IonLobLite                                             : loaded 2 times (x 155B)
Class org.gradle.api.internal.ClassPathRegistry                                       : loaded 2 times (x 68B)
Class com.google.common.cache.LocalCache$EntryFactory                                 : loaded 2 times (x 81B)
Class com.google.gson.stream.JsonReader                                               : loaded 2 times (x 94B)
Class com.google.common.util.concurrent.UncheckedExecutionException                   : loaded 2 times (x 80B)
Class com.google.gson.stream.MalformedJsonException                                   : loaded 2 times (x 80B)
Class com.google.common.io.ByteSource                                                 : loaded 2 times (x 82B)
Class org.gradle.internal.classloader.VisitableURLClassLoader$InstrumentingVisitableURLClassLoader: loaded 2 times (x 121B)
Class kotlin.coroutines.jvm.internal.DebugProbesKt                                    : loaded 2 times (x 69B)
Class org.gradle.internal.classloader.ClassLoaderHierarchy                            : loaded 2 times (x 68B)
Class org.jetbrains.plugins.gradle.tooling.serialization.BuildScriptClasspathModelSerializationService$WriteContext: loaded 2 times (x 70B)
Class com.android.builder.model.v2.ide.AndroidGradlePluginProjectFlags                : loaded 2 times (x 68B)
Class org.objectweb.asm.tree.TypeAnnotationNode                                       : loaded 2 times (x 78B)
Class kotlin.sequences.SequencesKt___SequencesJvmKt                                   : loaded 2 times (x 69B)
Class kotlin.collections.MapsKt__MapsKt                                               : loaded 2 times (x 69B)
Class com.amazon.ion.UnexpectedEofException                                           : loaded 2 times (x 82B)
Class kotlin.collections.ArraysKt                                                     : loaded 2 times (x 69B)
Class org.gradle.internal.exceptions.MultiCauseException                              : loaded 2 times (x 68B)
Class com.amazon.ion.impl.lite.IonSexpLite                                            : loaded 2 times (x 457B)
Class com.amazon.ion.impl.bin.IonManagedBinaryWriter$UserState$1                      : loaded 2 times (x 83B)
Class [Lcom.amazon.ion.impl.bin.IonRawBinaryWriter$ContainerType;                     : loaded 2 times (x 67B)
Class com.amazon.ion.impl.bin.IonManagedBinaryWriter$UserState$2                      : loaded 2 times (x 83B)
Class [Lcom.amazon.ion.impl.bin.IonRawBinaryWriter$StreamCloseMode;                   : loaded 2 times (x 67B)
Class com.amazon.ion.impl.bin.IonManagedBinaryWriter$UserState$3                      : loaded 2 times (x 83B)
Class com.android.builder.model.v2.ide.GraphItem                                      : loaded 2 times (x 68B)
Class com.amazon.ion.impl.bin.IonManagedBinaryWriter$UserState$4                      : loaded 2 times (x 83B)
Class com.amazon.ion.IonTimestamp                                                     : loaded 2 times (x 68B)
Class kotlin.text.CharsKt__CharKt                                                     : loaded 2 times (x 69B)
Class com.google.common.collect.Lists$ReverseList                                     : loaded 2 times (x 160B)
Class com.google.common.io.Closer$Suppressor                                          : loaded 2 times (x 68B)
Class jdk.internal.jimage.ImageReader                                                 : loaded 2 times (x 73B)
Class com.amazon.ion.impl.bin.IonRawBinaryWriter$PatchList$1                          : loaded 2 times (x 81B)
Class org.jetbrains.kotlin.idea.gradleTooling.model.parcelize.ParcelizeGradleModel    : loaded 2 times (x 68B)
Class kotlin.collections.MapsKt___MapsKt                                              : loaded 2 times (x 69B)
Class com.google.common.collect.AbstractMapBasedMultimap$WrappedList                  : loaded 2 times (x 165B)
Class [Lorg.objectweb.asm.Type;                                                       : loaded 2 times (x 67B)
Class org.gradle.tooling.model.kotlin.dsl.KotlinDslScriptModel                        : loaded 2 times (x 68B)
Class com.google.common.collect.Lists$ReverseList$1                                   : loaded 2 times (x 97B)
Class org.objectweb.asm.ModuleVisitor                                                 : loaded 2 times (x 78B)
Class kotlin.sequences.TransformingSequence$iterator$1                                : loaded 2 times (x 77B)
Class com.amazon.ion.impl._Private_Utils                                              : loaded 2 times (x 69B)
Class org.jetbrains.kotlin.config.LanguageVersionSettings                             : loaded 2 times (x 68B)
Class org.objectweb.asm.tree.FieldInsnNode                                            : loaded 2 times (x 77B)
Class com.google.common.cache.Weigher                                                 : loaded 2 times (x 68B)
Class com.amazon.ion.impl._Private_IonTextWriterBuilder                               : loaded 2 times (x 99B)
Class com.amazon.ion.impl.lite.IonIntLite                                             : loaded 2 times (x 154B)
Class com.android.builder.model.v2.AndroidModel                                       : loaded 2 times (x 68B)
Class org.jetbrains.plugins.gradle.tooling.serialization.ToolingStreamApiUtils        : loaded 2 times (x 69B)
Class org.gradle.internal.InternalTransformer                                         : loaded 2 times (x 68B)
Class com.android.builder.model.v2.ide.LintOptions                                    : loaded 2 times (x 68B)
Class org.jetbrains.kotlin.idea.gradleTooling.model.noarg.NoArgModel                  : loaded 2 times (x 68B)
Class org.jetbrains.kotlin.idea.gradleTooling.KotlinGradleModel                       : loaded 2 times (x 68B)
Class kotlin.sequences.Sequence                                                       : loaded 2 times (x 68B)
Class org.gradle.tooling.internal.gradle.DefaultBuildIdentifier                       : loaded 2 times (x 77B)
Class org.gradle.internal.service.ServiceLocator                                      : loaded 2 times (x 68B)
Class Settings_gradle$1                                                               : loaded 2 times (x 72B)
Class org.jetbrains.plugins.gradle.model.ExternalDependency                           : loaded 2 times (x 68B)
Class com.amazon.ion.impl.bin.IonManagedBinaryWriter$ImportedSymbolResolverMode$1$1$1 : loaded 2 times (x 74B)
Class org.jetbrains.kotlin.config.MavenComparableVersion                              : loaded 2 times (x 76B)
Class com.google.common.collect.ImmutableRangeSet$1                                   : loaded 2 times (x 169B)
Class com.google.common.util.concurrent.SettableFuture                                : loaded 2 times (x 95B)
Class org.gradle.internal.impldep.gnu.trove.TObjectHashingStrategy                    : loaded 2 times (x 68B)
Class org.gradle.tooling.internal.adapter.ProtocolToModelAdapter$MethodInvocationCache: loaded 2 times (x 71B)
Class com.amazon.ion.IonString                                                        : loaded 2 times (x 68B)
Class [Lcom.android.builder.model.v2.ide.CodeShrinker;                                : loaded 2 times (x 67B)
Class com.google.common.io.Files$2                                                    : loaded 2 times (x 74B)
Class com.amazon.ion.IonLoader                                                        : loaded 2 times (x 68B)
Class com.android.builder.model.v2.models.Versions$Companion                          : loaded 2 times (x 69B)
Class com.android.builder.model.v2.dsl.BuildType                                      : loaded 2 times (x 68B)
Class com.amazon.ion.IonBinaryWriter                                                  : loaded 2 times (x 68B)
Class kotlin.sequences.SequencesKt___SequencesKt$flatMap$2                            : loaded 2 times (x 123B)
Class com.google.common.reflect.Types$ParameterizedTypeImpl                           : loaded 2 times (x 79B)
Class org.jetbrains.kotlin.idea.gradleTooling.model.allopen.AllOpenModel              : loaded 2 times (x 68B)
Class com.google.common.io.ByteStreams                                                : loaded 2 times (x 69B)
Class kotlin.coroutines.jvm.internal.CoroutineStackFrame                              : loaded 2 times (x 68B)
Class org.jetbrains.plugins.gradle.model.AnnotationProcessingConfig                   : loaded 2 times (x 68B)
Class com.android.builder.model.Variant                                               : loaded 2 times (x 68B)
Class com.google.gson.internal.JsonReaderInternalAccess                               : loaded 2 times (x 70B)
Class org.jetbrains.plugins.gradle.tooling.serialization.ExternalTestsSerializationService: loaded 2 times (x 75B)
Class kotlin.internal.ProgressionUtilKt                                               : loaded 2 times (x 69B)
Class com.google.common.io.Closer$SuppressingSuppressor                               : loaded 2 times (x 72B)
Class kotlin.reflect.KFunction                                                        : loaded 2 times (x 68B)
Class kotlin.collections.ArraysKt__ArraysJVMKt                                        : loaded 2 times (x 69B)
Class org.jetbrains.plugins.gradle.tooling.serialization.ProjectDependenciesSerializationService$WriteContext: loaded 2 times (x 70B)
Class kotlin.collections.AbstractCollection                                           : loaded 2 times (x 115B)
Class kotlin.jvm.KotlinReflectionNotSupportedError                                    : loaded 2 times (x 80B)
Class kotlin.io.TerminateException                                                    : loaded 2 times (x 80B)
Class org.gradle.tooling.internal.adapter.WeakIdentityHashMap                         : loaded 2 times (x 74B)
Class com.google.common.collect.ImmutableMultiset                                     : loaded 2 times (x 161B)
Class com.google.common.reflect.Types$JavaVersion$1                                   : loaded 2 times (x 81B)
Class kotlin.collections.AbstractList                                                 : loaded 2 times (x 157B)
Class kotlin.collections.AbstractList$IteratorImpl                                    : loaded 2 times (x 80B)
Class com.google.common.reflect.Types$JavaVersion$2                                   : loaded 2 times (x 81B)
Class [Lorg.jetbrains.kotlin.config.LanguageVersion;                                  : loaded 2 times (x 67B)
Class com.google.common.reflect.Types$JavaVersion$3                                   : loaded 2 times (x 81B)
Class [Lorg.objectweb.asm.Label;                                                      : loaded 2 times (x 67B)
Class org.gradle.internal.classpath.DefaultClassPath$ImmutableUniqueList              : loaded 2 times (x 159B)
Class com.google.common.reflect.Types$JavaVersion$4                                   : loaded 2 times (x 81B)
Class com.amazon.ion.IonBool                                                          : loaded 2 times (x 68B)
Class com.google.common.reflect.Types$JavaVersion$5                                   : loaded 2 times (x 69B)
Class jdk.internal.jimage.ImageBufferCache                                            : loaded 2 times (x 69B)
Class com.amazon.ion.impl.bin.IonRawBinaryWriter$ContainerInfo                        : loaded 2 times (x 74B)
Class org.gradle.internal.time.DefaultTimer                                           : loaded 2 times (x 78B)
Class kotlin.sequences.SequencesKt___SequencesKt$sortedWith$1                         : loaded 2 times (x 73B)
Class com.google.common.collect.ImmutableMultimap$1                                   : loaded 2 times (x 80B)
Class com.google.common.collect.ImmutableMultimap$2                                   : loaded 2 times (x 79B)
Class com.intellij.util.ThrowableConsumer                                             : loaded 2 times (x 68B)
Class org.gradle.internal.classpath.TransformedClassPath                              : loaded 2 times (x 94B)
Class com.google.common.collect.MapDifference                                         : loaded 2 times (x 68B)
Class org.jetbrains.plugins.gradle.tooling.serialization.ExternalProjectSerializationService$WriteContext: loaded 2 times (x 72B)
Class com.amazon.ion.impl.bin.IonManagedBinaryWriter$ImportDescriptor                 : loaded 2 times (x 74B)
Class com.amazon.ion.system.IonBinaryWriterBuilder                                    : loaded 2 times (x 95B)
Class com.google.common.reflect.TypeToken$SimpleTypeToken                             : loaded 2 times (x 71B)
Class org.jetbrains.kotlin.tooling.core.HasExtras                                     : loaded 2 times (x 68B)
Class com.google.common.collect.Sets$1                                                : loaded 2 times (x 137B)
Class com.google.common.collect.Sets$2                                                : loaded 2 times (x 137B)
Class com.google.common.util.concurrent.AbstractFuture$Trusted                        : loaded 2 times (x 68B)
Class org.gradle.tooling.internal.adapter.ProtocolToModelAdapter$InvocationHandlerImpl: loaded 2 times (x 75B)
Class com.google.common.collect.Sets$3                                                : loaded 2 times (x 137B)
Class com.google.common.graph.SuccessorsFunction                                      : loaded 2 times (x 68B)
Class com.google.common.collect.Sets$4                                                : loaded 2 times (x 137B)
Class org.jetbrains.plugins.gradle.tooling.serialization.AnnotationProcessingModelSerializationService$WriteContext: loaded 2 times (x 70B)
Class kotlin.text.MatcherMatchResult$groups$1                                         : loaded 2 times (x 149B)
Class com.google.common.reflect.Types$NativeTypeVariableEquals                        : loaded 2 times (x 69B)
Class Settings_gradle                                                                 : loaded 2 times (x 126B)
Class kotlin.text.StringsKt___StringsKt                                               : loaded 2 times (x 69B)
Class org.jetbrains.plugins.gradle.tooling.serialization.internal.IdeaProjectSerializationService$ReadContext: loaded 2 times (x 70B)
Class org.gradle.tooling.model.idea.IdeaLanguageLevel                                 : loaded 2 times (x 68B)
Class kotlin.collections.ArraysKt___ArraysKt$asSequence$$inlined$Sequence$1           : loaded 2 times (x 73B)
Class kotlin.coroutines.intrinsics.CoroutineSingletons                                : loaded 2 times (x 77B)
Class kotlin.Pair                                                                     : loaded 2 times (x 70B)
Class com.google.common.io.ByteSink                                                   : loaded 2 times (x 74B)
Class com.android.utils.StringHelper                                                  : loaded 2 times (x 69B)
Class com.google.common.collect.AbstractMapBasedMultimap$WrappedCollection$WrappedIterator: loaded 2 times (x 82B)
Class com.android.builder.model.v2.ide.BasicVariant                                   : loaded 2 times (x 68B)
Class org.objectweb.asm.MethodWriter                                                  : loaded 2 times (x 103B)
Class com.android.builder.model.v2.ide.SourceSetContainer                             : loaded 2 times (x 68B)
Class com.amazon.ion.impl._Private_Utils$1                                            : loaded 2 times (x 87B)
Class kotlin.collections.AbstractList$Companion                                       : loaded 2 times (x 69B)
Class kotlin.coroutines.intrinsics.IntrinsicsKt                                       : loaded 2 times (x 69B)
Class org.gradle.tooling.internal.adapter.ProtocolToModelAdapter$ViewDecoration       : loaded 2 times (x 68B)
Class org.gradle.util.GradleVersion                                                   : loaded 2 times (x 81B)
Class com.amazon.ion.util._Private_FastAppendable                                     : loaded 2 times (x 68B)
Class com.google.common.util.concurrent.ExecutionError                                : loaded 2 times (x 80B)
Class kotlin.collections.AbstractIterator                                             : loaded 2 times (x 81B)
Class com.google.common.io.ByteSink$AsCharSink                                        : loaded 2 times (x 78B)
Class com.google.common.base.Equivalence$Identity                                     : loaded 2 times (x 80B)
Class org.gradle.internal.installation.GradleInstallation                             : loaded 2 times (x 73B)
Class org.jetbrains.kotlin.config.MavenComparableVersion$ListItem                     : loaded 2 times (x 178B)
Class kotlin.ranges.IntRange                                                          : loaded 2 times (x 91B)
Class kotlin.collections.SetsKt__SetsKt                                               : loaded 2 times (x 69B)
Class com.amazon.ion.ValueFactory                                                     : loaded 2 times (x 68B)
Class com.android.ide.gradle.model.AdditionalClassifierArtifactsModelParameter        : loaded 2 times (x 68B)
Class com.google.common.cache.LocalCache                                              : loaded 2 times (x 185B)
Class jdk.internal.jimage.ImageReader$Directory                                       : loaded 2 times (x 82B)
Class com.google.common.collect.ImmutableRangeSet$Builder                             : loaded 2 times (x 75B)
Class kotlin.ranges.IntRange$Companion                                                : loaded 2 times (x 69B)
Class com.amazon.ion.system.IonSystemBuilder                                          : loaded 2 times (x 73B)
Class com.google.common.util.concurrent.AbstractFuture$UnsafeAtomicHelper$1           : loaded 2 times (x 74B)
Class org.gradle.internal.impldep.gnu.trove.TObjectCanonicalHashingStrategy           : loaded 2 times (x 78B)
Class com.intellij.openapi.externalSystem.model.project.dependencies.ProjectDependencies: loaded 2 times (x 68B)
Class org.jetbrains.plugins.gradle.tooling.util.IntObjectMap$ObjectFactory            : loaded 2 times (x 68B)
Class [Lcom.android.builder.model.v2.ide.LibraryType;                                 : loaded 2 times (x 67B)
Class com.google.common.collect.Multiset                                              : loaded 2 times (x 68B)
Class org.jetbrains.plugins.gradle.ExternalDependencyId                               : loaded 2 times (x 68B)
Class com.google.common.collect.ImmutableSet$CachingAsList                            : loaded 2 times (x 145B)
Class com.amazon.ion.impl.lite.IonDecimalLite                                         : loaded 2 times (x 156B)
Class org.jetbrains.plugins.gradle.tooling.util.IntObjectMap$1                        : loaded 2 times (x 75B)
Class [Lcom.amazon.ion.impl.bin.AbstractIonWriter$WriteValueOptimization;             : loaded 2 times (x 67B)
Class com.amazon.ion.Decimal                                                          : loaded 2 times (x 131B)
Class com.amazon.ion.impl.lite.IonTimestampLite                                       : loaded 2 times (x 163B)
Class kotlin.comparisons.ComparisonsKt__ComparisonsKt                                 : loaded 2 times (x 69B)
Class kotlin.collections.EmptyMap                                                     : loaded 2 times (x 107B)
Class org.gradle.tooling.internal.adapter.ProtocolToModelAdapter$ViewGraphDetails     : loaded 2 times (x 70B)
Class com.google.common.reflect.Invokable$ConstructorInvokable                        : loaded 2 times (x 120B)
Class org.objectweb.asm.MethodVisitor                                                 : loaded 2 times (x 102B)
Class com.amazon.ion.IonWriter                                                        : loaded 2 times (x 68B)
Class com.google.common.collect.AbstractMapBasedMultimap$KeySet$1                     : loaded 2 times (x 80B)
Class com.google.common.reflect.TypeCapture                                           : loaded 2 times (x 69B)
Class com.google.common.collect.AbstractMapBasedMultimap                              : loaded 2 times (x 137B)
Class org.gradle.internal.impldep.gnu.trove.Equality                                  : loaded 2 times (x 68B)
Class kotlin.text.RegexKt                                                             : loaded 2 times (x 69B)
Class com.google.gson.stream.JsonToken                                                : loaded 2 times (x 77B)
Class com.amazon.ion.IonType                                                          : loaded 2 times (x 77B)


---------------  S Y S T E M  ---------------

OS:
 Windows 11 , 64 bit Build 26100 (10.0.26100.8328)
OS uptime: 10 days 5:17 hours
Hyper-V role detected

CPU: total 12 (initial active 12) (6 cores per cpu, 2 threads per core) family 6 model 154 stepping 4 microcode 0x429, cx8, cmov, fxsr, ht, mmx, 3dnowpref, sse, sse2, sse3, ssse3, sse4.1, sse4.2, popcnt, lzcnt, tsc, tscinvbit, avx, avx2, aes, erms, clmul, bmi1, bmi2, adx, sha, fma, vzeroupper, clflush, clflushopt, clwb, hv
Processor Information for processor 0
  Max Mhz: 1300, Current Mhz: 1300, Mhz Limit: 1300
Processor Information for processor 1
  Max Mhz: 1300, Current Mhz: 1300, Mhz Limit: 1300
Processor Information for processor 2
  Max Mhz: 1300, Current Mhz: 1300, Mhz Limit: 1300
Processor Information for processor 3
  Max Mhz: 1300, Current Mhz: 1300, Mhz Limit: 1300
Processor Information for processor 4
  Max Mhz: 1300, Current Mhz: 900, Mhz Limit: 897
Processor Information for processor 5
  Max Mhz: 1300, Current Mhz: 900, Mhz Limit: 897
Processor Information for processor 6
  Max Mhz: 1300, Current Mhz: 900, Mhz Limit: 897
Processor Information for processor 7
  Max Mhz: 1300, Current Mhz: 900, Mhz Limit: 897
Processor Information for processor 8
  Max Mhz: 1300, Current Mhz: 900, Mhz Limit: 897
Processor Information for processor 9
  Max Mhz: 1300, Current Mhz: 900, Mhz Limit: 897
Processor Information for processor 10
  Max Mhz: 1300, Current Mhz: 900, Mhz Limit: 897
Processor Information for processor 11
  Max Mhz: 1300, Current Mhz: 900, Mhz Limit: 897

Memory: 4k page, system-wide physical 16108M (987M free)
TotalPageFile size 24300M (AvailPageFile size 5M)
current process WorkingSet (physical memory assigned to process): 1038M, peak: 1076M
current process commit charge ("private bytes"): 1110M, peak: 1117M

vm_info: OpenJDK 64-Bit Server VM (17.0.9+0--11185874) for windows-amd64 JRE (17.0.9+0--11185874), built on Dec  6 2023 18:57:44 by "androidbuild" with MS VC++ 16.10 / 16.11 (VS2019)

END.
